symbol,short_name,change,regular_market_price,fifty_two_week_high,fifty_two_week_low,fifty_day_average,two_hundred_day_average,regular_market_open,regular_market_day_high,regular_market_day_low,regular_market_previous_close,regular_market_volume
21STCENMGM.NS,21ST CENTURY MANAG,54.453125,29.15,64,11.7,34.784,39.3535,29.15,29.15,29.15,29.7,8877
3MINDIA.NS,3M INDIA LTD,33.15645917001339,19972.85,29880,19374.1,22009.502,24249.213,19710,20425.75,19680,19697.3,4284
5PAISA.NS,5PAISA CAPITAL LTD,36.293103448275865,369.5,580,260.6,351.912,427.1945,348.6,375,346,344.7,68331
AARTIDRUGS.NS,AARTI DRUGS LTD,45.45022570681873,459.2,841.8,419,475.579,572.26,430,463.8,430,429.1,349637
AARTIIND.NS,AARTI IND LTD,18.116438356164387,956.4,1168,662.625,932.796,951.64526,972,977.35,950.8,956.65,730868
AARTISURF.NS,Aarti Surfactants Limited,59.92580816110228,756.2,1887,745,844.286,1194.1682,764.95,787,753,750.8,34224
ABBOTINDIA.NS,ABBOTT INDIA LTD,26.83182609167956,17512.4,23934.45,14586.05,16794.332,18576.406,17740,17740,17400,17702.85,13903
ABCAPITAL.NS,ADITYA BIRLA CAPIT,19.61206896551723,111.9,139.2,96.35,111.129,113.43475,107.9,112.3,107.8,107.65,3327521
ACC.NS,ACC LIMITED,16.917728852838934,2151,2589,1782.25,2144.155,2256.8557,2148,2160,2128.35,2151.35,837822
ACCELYA.NS,ACCELYA SOLUTIONS,38.37760602714815,948.8,1539.7,837.15,984.974,1170.793,944.95,960,933.6,928,13265
ACE.NS,ACTION CONSTRUCT,19.228791773778916,235.65,291.75,139.45,219.814,232.66975,240.5,244.3,234.1,240.5,670480
ADANIPORTS.NS,ADANI PORT SPECIAL,12.791342952275249,785.75,901,638.1,721.894,727.538,774.5,790.7,774.5,774.2,6813224
ADFFOODS.NS,ADF FOODS LTD,28.633415547638624,781.25,1094.7,676.1,774.934,843.6293,778.25,798,756.2,778.25,22962
ADORWELD.NS,ADOR WELDING,27.090433992274487,641.75,880.2,300.25,671.972,691.67,621.9,647.5,616,621.9,7767
ADVENZYMES.NS,ADVANCED ENZYME TE,42.73377010125075,288.45,503.7,260,305.815,355.372,283.6,293.95,283.6,282.1,189862
AEGISCHEM.NS,AEGIS LOGISTICS,43.4132508378448,219.5,387.9,167.25,203.062,240.33376,206.5,220.8,205.2,205.55,1352270
AHLWEST.NS,ASIAN HOTELS (WEST,54.47714464621164,145.4,319.4,145.4,166.797,230.99425,150,150,145.4,145.4,986
AIAENG.NS,AIA ENGINEERING,26.318631863186315,1637.2,2222,1475.05,1758.772,1900.281,1631.2,1656.8,1612.4,1622.7,72422
AIRAN.NS,AIRAN LTD,46.59248956884563,19.2,35.95,15.1,21.462,22.86525,18.15,19.45,18.15,18.1,199540
AJANTPHARM.NS,AJANTA PHARMA,27.06570841889117,1775.95,2435,1631.15,1949.366,2126.8247,1811,1821.9,1761.5,1810.75,57980
AKASH.NS,Akash Infra-Projects Ltd,75.72062084257207,65.7,270.6,56.7,146.551,184.4245,65.7,65.7,64.15,62.6,71108
AKG.NS,AKG Exim Limited,60.02044989775051,39.1,97.8,31.75,41.588,70.209,38,39.9,37.7,37.5,17745
AKSHARCHEM.NS,AKSHARCHEM (INDIA),40.73651621313346,363.7,613.7,210,390.822,431.9425,351.55,371,346.35,348.9,32714
AKZOINDIA.NS,AKZO NOBEL INDIA,22.126366950182256,1922.7,2469,1809,1915.886,2106.135,1907.8,1928.95,1904.1,1908.55,14469
ALANKIT.NS,ALANKIT LIMITED,48.713235294117645,13.95,27.2,12.65,15.325,16.88875,13.25,14,13.25,13.25,497414
ALCHEM.NS,ALCHEMIST LTD,20.25316455696203,3.15,3.95,3.05,3.15,3.266,3.15,3.15,3.15,3.15,15338
ALEMBICLTD.NS,ALEMBIC LTD,48.394975575715286,73.95,143.3,72.1,88.972,106.16725,72.55,75.8,72.55,72.45,660987
ALICON.NS,ALICON CASTALLOY L,30.29286608260325,696.2,998.75,409,764.255,780.73627,664.15,701,664.15,660.9,11612
ALKEM.NS,ALKEM LAB LTD,14.171990171990176,3493.2,4070,2670.1,3431.222,3557.21,3600,3619.85,3472.05,3620.7,153298
ALKYLAMINE.NS,ALKYL AMINES,37.57106759317751,2964.75,4749,2228,3040.035,3560.5168,2880.25,2988,2867,2858.55,78036
ALPHAGEO.NS,ALPHAGEO(INDIA),35.696821515892424,328.75,511.25,174.8,331.955,355.46,312.3,332,311.3,309.55,31595
ALPSINDUS.NS,ALPS INDS,40.51724137931034,3.45,5.8,1.4,3.248,3.31575,3.45,3.45,3.45,3.3,13143
AMARAJABAT.NS,AMARA RAJA BATTERI,35.588625483070885,558.35,866.85,520,585.083,667.36176,538.55,559.9,537.1,536.4,848942
AMBUJACEM.NS,AMBUJA CEMENTS LTD,31.08474576271187,304.95,442.5,274,329.312,378.96674,298.9,306.5,298.5,299.25,3454287
AMJLAND.NS,AMJ LAND HOLDINGS,25.292740046838418,31.9,42.7,20.95,31.271,33.1295,30.8,32.45,30.8,30.9,27546
ANDHRACEMT.NS,ANDHRA CEMENTS,62.4,14.1,37.5,5.2,14.83,18.8585,14.9,14.95,13.95,14.65,979818
ANUP.NS,THE ANUP ENGINEERI,33.32794373256801,824.7,1236.95,551.4,861.645,959.95624,804.7,834,802.95,794.35,13196
APARINDS.NS,APAR INDUSTRY LTD,22.06543024997121,676.55,868.1,441,663.263,666.757,652.5,682.65,650.5,649.25,31996
APCL.NS,ANJANI PRTLND CEMT,49.750916439514995,267.3,531.95,202,277.98,357.6495,238,279.9,237.05,233.35,114255
APCOTEXIND.NS,APCOTEX INDUSTRIES,18.625737382565,372.45,457.7,172,361.89,365.05225,359.9,377.8,356,358.9,49707
APEX.NS,APEX FROZEN FOODS,32.67793492008739,292.75,434.85,200.1,290.879,302.19,280.5,299.05,280.1,278.6,108894
APLAPOLLO.NS,APL APOLLO TUBES,15.53990399712888,941.35,1114.55,585,877.133,879.55164,912,944,911.95,914.6,522424
APLLTD.NS,ALEMBIC PHARMACEUT,27.490366088631987,752.65,1038,678.3,737.391,792.5105,742.7,755,742.2,741.6,183271
APOLLOPIPE.NS,Apollo Pipes Limited,27.68777614138439,491,679,312.35,495.748,511.1836,488,494,484.5,485,37093
APOLLOTYRE.NS,APOLLO TYRES,21.720000000000002,195.7,250,165.25,199.687,217.00925,191.1,196.4,189.65,191,2963469
APOLSINHOT.NS,APOLLO SINDOORI HO,26.717771337758254,783.9,1069.7,525.25,796.662,815.22076,814.6,834.4,776.75,818.05,5949
ARIES.NS,ARIES AGRO LTD,27.153171738009288,141.25,193.9,77,142.021,147.58925,138,148.85,137.6,136.4,174169
ARMANFIN.NS,ARMAN FINANCIAL SE,7.438914027149324,1022.8,1105,513.9,827.998,833.8585,1010,1032,985.25,990.9,10386
AROGRANITE.NS,ARO GRANITE INDUS,33.924485125858126,57.75,87.4,36.3,61.858,68.42575,54.2,58.1,54.2,54.55,67576
ARROWGREEN.NS,ARROW GREENTECH LI,43.060109289617486,104.2,183,63.5,111.604,128.001,107.7,107.7,103.65,104.65,2010
ASAHISONG.NS,ASAHI SONGWON COLO,36.61073825503355,283.35,447,230.35,273.675,315.32224,285,294.1,278,285.3,24806
ASALCBR.NS,Asso Alcohols & Brew Ltd,26.657997399219767,479.4,653.65,391.25,468.996,490.0155,472,482.55,472,472.85,30658
ASHAPURMIN.NS,ASHAPURA MINE CHEM,25.735294117647058,131.3,176.8,88.4,109.17,119.1865,129,133.95,127.55,127.7,256192
ASHIANA.NS,ASHIANA HOUSING LD,33.63506431634111,139.3,209.9,108.85,156.512,169.2375,137.35,142.5,135.05,136.65,98772
ASHIMASYN.NS,ASHIMA,37.179487179487175,14.7,23.4,13.2,16.294,17.88975,14.4,14.95,14.1,14.15,141043
ASHOKA.NS,ASHOKA BUILDCON LT,28.439999999999998,89.45,125,78.4,92.546,100.58775,86.5,89.9,86.05,85.8,888234
ASHOKLEY.NS,ASHOK LEYLAND,22.377850162866448,119.15,153.5,93.2,121.022,127.94625,117.4,119.7,116.3,117.25,12691079
ASIANHOTNR.NS,ASIAN HOTELS(NORTH,21.946564885496183,81.8,104.8,60.7,78.873,82.22775,80,82.35,79.4,80.5,12233
ASIANPAINT.NS,ASIAN PAINTS LTD,13.254874651810583,3114.15,3590,2484.5,3098.487,3162.9856,3110,3121,3087.65,3079.95,636970
ASIANTILES.NS,ASIAN GRANITO INDI,51.04592450108199,101.8,207.95,96,110.092,141.4791,99.8,103,99.65,99.15,481350
ASTERDM.NS,ASTER DM HEALTHCAR,18.101265822784814,194.1,237,134.65,180.379,186.3465,197.55,201.45,193.1,197.5,667921
ASTRAL.NS,ASTRAL LTD,21.554882274896524,1980.7,2524.95,1411.2,2004.965,2133.02,2034,2034,1977.35,2022.95,415399
ASTRAZEN.NS,ASTREZENECA PHARMA,43.28635217310611,2597.4,4579.85,2525.95,2716.505,3068.9578,2552,2609.95,2552,2551.85,10306
ASTRON.NS,ASTRON PAPER & BOA,35.23489932885906,48.25,74.5,36.7,44.723,52.90075,43.75,50.85,42.75,42.75,796222
ATFL.NS,AGRO TECH FOODS,25.327797202797203,854.25,1144,784.95,886.309,961.6832,843,868,832.4,838.8,6379
ATLASCYCLE.NS,ATLAS CYCLES(HARYA,21.38964577656676,28.85,36.7,24.6,28.85,29.4,28.9,28.9,28.85,28.85,5030
ATULAUTO.NS,ATUL AUTO LTD,37.18546132339236,168.5,268.25,146.5,181.289,203.25375,162.3,170.7,160.75,161.45,202620
AUROPHARMA.NS,AUROBINDO PHARMA,35.86333302002068,682.35,1063.9,584.25,651.283,733.3655,673.85,684.25,663,668.55,1700299
AUSOMENT.NS,AUSOM ENTERPRISE,43.855932203389834,66.25,118,47.25,69.929,73.06075,66,67.75,64.4,65.05,10052
AUTOLITIND.NS,AUTOLITE (INDIA) LIMITED,47.189097103918236,15.5,29.35,14.25,15.5,15.71825,14.3,15.65,14.25,15.5,22011
AVANTIFEED.NS,AVANTI FEEDS,38.089945913906796,417.8,674.85,410,509.453,556.29974,414.45,426,413,412.35,258938
AWHCL.NS,Antony Waste Hdg Cell Ltd,41.12087912087913,267.9,455,242,293.776,326.26126,260.1,270.25,258.75,260.1,143269
BAJAJ-AUTO.NS,BAJAJ AUTO LTD,13.965953531170921,3739.9,4347,3027.05,3522.189,3639.527,3636,3746,3636,3653,391923
BAJAJCON.NS,BAJAJ CONSUMER,48.22530864197531,167.75,324,149,167.83,220.70274,163.25,171.5,162.15,163.3,2693844
BAJAJELEC.NS,BAJAJ ELECTRICALS,32.1029610749237,1078.85,1588.95,932.65,1123.915,1164.78,1086,1086.85,1068,1074.7,53300
BAJAJFINSV.NS,BAJAJ FINSERV LTD,11.310737386804654,17139.2,19325,9035.85,15963.578,16212.678,17030,17200,17011.2,17060.45,210114
BAJAJHIND.NS,BAJAJ HINDUSTHAN S,39.55375253549695,14.9,24.65,6.1,15.232,15.62975,14.3,14.9,14.25,14.2,2464974
BAJFINANCE.NS,BAJAJ FINANCE LTD,7.973913043478256,7408.1,8050,4362,6922.588,7039.838,7229.95,7448.95,7220.3,7259.95,871336
BALAMINES.NS,BALAJI AMINES LTD,42.750619789223805,2990.45,5223.55,1725.05,3030.732,3431.3354,2915,3019.8,2905,2905.5,81374
BALAXI.NS,BALAXI PHARMACEUTI,50.43507362784471,370.25,747,341.65,433.764,527.961,374,395.95,354.3,351.6,19326
BALKRISIND.NS,BALKRISHNA INDS,22.62464204420295,2107.55,2723.8,1552,2079.004,2300.577,2125.1,2150,2080,2136.2,387591
BALMLAWRIE.NS,BALMER LAWRIE,23.117569352708056,116.4,151.4,112,120.683,127.17375,112.55,117.2,112.55,112.7,275508
BANCOINDIA.NS,BANCO PRODUCTS,37.36117281208352,141,225.1,132.55,154.487,176.10175,135.95,141.7,135.95,136.15,60808
BANG.NS,BANG OVERSEAS LTD,36.43122676579925,34.2,53.8,24.2,35.445,36.56875,32,34.5,32,32,19380
BANKINDIA.NS,BK OF INDIA,44.48275862068966,48.3,87,43.15,50.524,58.86925,45.8,48.6,45.8,45.85,6278571
BASF.NS,BASF INDIA,22.87531806615776,3031,3930,1922.25,2905.241,3065.7622,3106,3128.5,3013.3,3092.9,26960
BAYERCROP.NS,BAYER CROPSCIENCE,20.057911908646005,4900.45,6130,4218.05,4667.095,5108.001,4969.35,4979.35,4840,4969.35,8681
BBTC.NS,BOMBAY BURMAH,37.71009509105583,887.6,1424.95,839.9,980.564,1113.0553,868,896,862.75,860.8,93254
BECTORFOOD.NS,Mrs Bectors Food Spe Ltd,27.515621633268697,336.4,464.1,278,326.102,384.66574,287,336.4,283.15,280.35,1555042
BEPL.NS,BHANSALI ENG POLYM,40.1123595505618,133.25,222.5,122.25,133.464,167.7785,127.3,134.4,127.3,126.9,730148
BERGEPAINT.NS,BERGER PAINTS IND,18.483303740191307,711.6,872.95,620.45,703.262,773.6855,705.2,713,696.05,699.7,520442
BFINVEST.NS,BF INVESTMENT LTD,36.59550561797753,282.15,445,255.8,303.887,341.485,273.15,284.4,272.5,272.2,26717
BFUTILITIE.NS,BF UTILITIES LTD,38.71985157699444,330.3,539,227.1,353.69,411.11374,309.5,332,309.5,308.35,247793
BHAGERIA.NS,BHAGERIA INDUSTRIE,28.90577507598784,233.9,329,136.3,234.037,254.85025,222.3,237.7,222.3,222.6,26844
BHAGYANGR.NS,BHAGYANAGAR INDIA,29.23076923076923,46,65,38.45,47.885,48.69425,45.7,46.25,44.9,44.3,18251
BHARATFORG.NS,BHARAT FORGE,17.212099770033614,702,847.95,555.75,693.793,744.6547,700,704.2,694.2,700.6,642922
BHEL.NS,BHARAT HEAVY ELECT,32.98070939639078,53.85,80.35,43,53.066,59.7115,49.5,54.2,49.45,49.35,74758373
BILENERGY.NS,BIL ENERGY SYSTEMS,29.411764705882355,0.6,0.85,0.4,0.6,0.61625,0.6,0.65,0.6,0.6,657502
BINDALAGRO.NS,OSWAL GREENTECH LI,34.06593406593406,24,36.4,15.9,24.438,25.17475,23.2,24.2,23.15,22.95,297792
BIOCON.NS,BIOCON LTD,19.439208294062208,341.9,424.4,314.8,363.278,365.57425,339,343,335.4,335.6,2395642
BIRLACORPN.NS,BIRLA CORP,26.612121212121206,1210.9,1650,897.25,1174.977,1333.624,1177,1233,1167.05,1182.2,322966
BIRLAMONEY.NS,ADITYA BIRLA MONEY,29.4481981981982,62.65,88.8,39.2,64.312,64.7215,60.25,62.85,60.25,60.2,117563
BIRLATYRE.NS,BIRLA TYRES LTD,31.29890453834116,21.95,31.95,20,23.158,24.96125,21.3,22.2,20.95,20.9,446141
BLISSGVS.NS,BLISS GVS PHARMA,41.954887218045116,77.2,133,66.1,81.737,100.81225,77,79,76.4,77.1,350373
BLKASHYAP.NS,B.L. KASHYAP & SON,15.606060606060602,27.85,33,13.5,25.358,26.491,27.15,27.85,27.05,26.55,211070
BLUECOAST.NS,BLUE COAST HOTELS,1.3698630136986254,7.2,7.3,4.55,5.931,6.09875,6.95,7.2,6.95,7.2,2461
BODALCHEM.NS,BODAL CHEMICALS,27.375791930643537,108.9,149.95,86.1,106.978,113.7325,101.9,110.45,101.85,100.95,919235
BOSCHLTD.NS,BOSCH LTD,24.396103896103895,14553.75,19250,13225,15397.321,15874.235,14420,14612.45,14376.75,14438.5,16283
BPCL.NS,BHARAT PETROL CORP,25.56660039761432,374.4,503,331.1,363.567,414.2665,361.55,375,361.55,359.35,6383429
BPL.NS,BPL,60.99632040758562,68.9,176.65,21.2,60.136,67.23775,62.65,68.9,62.65,62.65,419641
BRFL.NS,BOMBAY RAYON FASHIONS LTD,50.373134328358205,6.65,13.4,5.6,7.539,7.78325,6.5,6.65,6.35,6.35,274946
BRITANNIA.NS,BRITANNIA INDS,22.20924632795569,3230.65,4153,3050,3374.549,3620.3364,3210,3237.9,3191.65,3206.4,260664
BROOKS.NS,BROOKS LAB LTD,43.361398963730565,87.45,154.4,57.55,90.495,106.75525,73.45,87.45,73.45,72.9,179151
BSE.NS,BSE LIMITED,60.59948603446096,935.25,2373.7,559.3,773.415,1170.4404,940,940.65,924,944,1200687
CAMLINFINE.NS,CAMLIN FINE SCIENC,38.973136915077994,140.85,230.8,116.1,141.407,162.9,140.25,147,139.85,139.45,405403
CAMS.NS,Computer Age Mngt Ser Ltd,40.55907951025225,2417.7,4067.4,1771.5,2501.447,2953.7153,2320.8,2436.3,2320.8,2315.85,212272
CAPACITE.NS,CAPACIT'E INFRAPRO,54.36507936507937,115,252,107,133.21,171.151,110.05,116.05,109.1,109.5,208265
CAPLIPOINT.NS,CAPLIN POINT LABOR,31.223424816389635,711.7,1034.8,430.4,751.109,799.78174,683.4,715.95,677.65,678.2,96046
CARBORUNIV.NS,CARBORUNDUM UNVRSL,23.874396135265705,787.9,1035,462.15,819.526,826.7815,797.75,805,786.5,797.75,103504
CAREERP.NS,CAREER POINT LTD,37.37127371273713,115.55,184.5,102.25,121.47,141.10425,109.95,116.55,109.9,110.5,26815
CARERATING.NS,CARE RATINGS LTD,33.33754740834387,527.3,791,414,540.283,639.88025,512,537.55,511,510.45,79470
CASTROLIND.NS,CASTROL INDIA,33.311814073595876,103.3,154.9,99.05,112.527,129.604,102,104.25,102,100.95,2160333
CEATLTD.NS,CEAT LTD,41.361111111111114,949.95,1620,919.2,1019.701,1209.7903,933,961,933,932.15,102853
CENTRALBK.NS,CENTRAL BANK OF IN,36.25632377740304,18.9,29.65,15.8,19.572,21.66,18.4,19.05,18.35,18.35,3739978
CENTRUM.NS,CENTRUM CAPITAL,50.17094017094017,29.15,58.5,21.9,28.591,36.476,26.2,30.5,26.05,25.85,4484475
CENTUM.NS,CENTUM ELECTRONICS,29.595393241400206,464.6,659.9,356.55,482.633,514.2642,458.3,479.9,455.25,452.25,18117
CENTURYTEX.NS,CENTURY TEXT & IND,16.0400390625,859.75,1024,432.8,815.963,825.977,851.25,879.9,846,854.6,370778
CERA.NS,CERA SANITARYWARE,24.689922480620154,4857.5,6450,3681.2,4520.549,4766.841,4973.3,4992.3,4777,4972.45,7697
CESC.NS,CESC,23.13323572474378,78.75,102.45,57.715,79.754,84.1902,75.75,79.4,75.4,75.85,1959890
CHEMBOND.NS,Chembond Chemicals Ltd,34.96345283675601,186.85,287.3,165.8,185.951,213.51575,180.55,188.75,179.55,179.1,23265
CHEMCON.NS,Chemcon Special Chem Ltd,51.0098349139445,278.95,569.4,261,305.369,397.77524,269,282,269,266.65,148119
CHENNPETRO.NS,CHENNAI PETRO CP,14.295125164690393,130.1,151.8,93,114.269,116.65025,127.1,131.9,127.1,127.65,449140
CHOLAHLDNG.NS,CHOLAMANDALAM FIN,18.450741178013903,621.65,762.3,541.55,651.321,667.8472,619.9,628,611.4,618.55,367809
CHROMATIC.NS,CHROMATIC INDIA LT,28,0.9,1.25,0.5,0.9,0.94325,0.9,0.9,0.9,0.9,45988
CIGNITITEC.NS,CIGNITI TECHNOLOGI,31.932153392330385,461.5,678,331.9,496.292,563.045,430,465.3,430,429.75,181524
CINEVISTA.NS,CINEVISTA LIMITED,43.71134020618557,13.65,24.25,6.05,13.476,15.2555,13.4,13.7,13.15,13.25,22306
CLNINDIA.NS,CLARIANT CHEMICALS,25.699844479004664,477.75,643,373.05,480.518,533.42523,458.4,480,458.4,456.1,32530
CLSEL.NS,Chaman Lal Setia Exp Ltd,34.74193548387096,101.15,155,83.1,98.39,112.18025,99.45,102.8,98.15,97.65,73503
CMICABLES.NS,CMI,54.53900709219859,32.05,70.5,28,38.437,44.44175,30.9,32.05,30.8,30.55,27299
COCHINSHIP.NS,COCHIN SHIPYARD LT,30.20281170776676,302.85,433.9,280.75,312.214,349.279,295.6,304.45,294.65,294.2,138614
COFORGE.NS,COFORGE LIMITED,28.038304808475953,4414.85,6135,2785,4540.245,5021.765,4490,4498,4351.05,4457.5,329991
COLPAL.NS,COLGATE-PALM (IND),15.015904354502586,1549.6,1823.4,1375.6,1459.704,1566.4833,1540,1553.45,1528.4,1542.25,184423
CONCOR.NS,CONTAINER CORP,9.517497348886527,682.6,754.4,542,615.168,656.317,675,684,660.65,672.15,1841687
CONFIPET.NS,Confidence Petro Ind Ltd.,31.970649895178195,64.9,95.4,38,69.963,73.406,62.8,65.6,62.75,62.45,795239
CORALFINAC.NS,CORAL INDIA FIN,32.42553191489361,39.7,58.75,19.7,41.411,42.7505,38.5,40,37.8,37.6,41441
CORDSCABLE.NS,CORDS CABLE INDUST,37.10353081986835,52.55,83.55,38.35,55.96,57.45975,51.05,52.75,50.65,50.2,23805
COROMANDEL.NS,COROMANDEL INTL,16.626569037656907,797.05,956,709.35,788.445,805.8605,805.95,805.95,793,799.6,376920
CRAFTSMAN.NS,Craftsman Automation Ltd,14.78041756659467,2367.4,2778,1245,2074.095,2144.566,2388,2398,2332.45,2358.4,16135
CRISIL.NS,CRISIL LTD,5.633218982275591,3300.95,3498,1741,2850.783,2873.7056,3268.3,3366.05,3231,3298.25,44307
CROMPTON.NS,CROMPTON GREAVES C,27.281591263650544,372.9,512.8,350.35,398.166,442.546,375.9,378.95,370.45,374,1900728
CSBBANK.NS,CSB Bank Limited,42.17914438502674,216.25,374,201,230.214,282.68176,213.75,217.9,211,211.15,382817
CUB.NS,CITY UNION BANK,26.991030171242176,134.3,183.95,109,129.76,148.3625,129.5,134.8,129.05,128.9,1967024
CUPID.NS,CUPID LTD(INDIA),13.530383697448144,235.5,272.35,191.25,223.318,228.33525,235.15,239,233,236.9,40619
CYIENT.NS,CYIENT LIMITED,28.50232198142415,923.75,1292,655.05,901.348,989.71277,922.25,943.7,922,927.75,176376
DAAWAT.NS,L.T. FOODS LTD,11.32596685082873,80.25,90.5,58.35,69.921,71.4375,77.7,81.65,77.55,78.1,2705081
DABUR.NS,DABUR INDIA LTD,17.679641854465437,542.45,658.95,502,546.246,584.7958,539,545,536.25,536.2,1488807
DALBHARAT.NS,DALMIA BHARAT LTD,40.11144247370899,1526.2,2548.4,1278.15,1642.495,1935.1073,1502,1534.95,1485,1495.6,396054
DATAMATICS.NS,DATAMATICS GLOBAL,17.913179916317993,313.9,382.4,108.5,285.015,294.9805,302,315.2,301,299.6,193129
DBCORP.NS,D B CORP LTD,30.520000000000003,86.85,125,75.6,87.216,94.391,86,87.2,85.1,85.1,113792
DBL.NS,DILIP BUILDCON LTD,66.23766337690051,253.15,749.8,233.9,292.871,482.14,242,255,241.75,241.1,653327
DCAL.NS,DISHMAN CARBOGEN,27.03118983442433,189.5,259.7,109.6,181.994,204.2975,184.85,191.45,183.9,184.75,239271
DCBBANK.NS,DCB BANK LIMITED,36.78462210572303,72.35,114.45,67.85,77.192,89.0885,69.9,73.2,69.7,69.4,1419221
DCW.NS,DCW,35.05311077389986,42.8,65.9,26.4,42.164,42.24975,40.6,42.85,40.55,40.85,662422
DECCANCE.NS,DECCAN CEMENT,32.97903749630942,567.5,846.75,399.2,575.334,652.96027,551.3,570,551.3,555.5,14597
DEEPAKNTR.NS,DEEPAK NITRITE,23.827814569536418,2300.4,3020,1533.25,2154.836,2259.521,2240,2325.9,2236.65,2243.75,1008494
DEEPENR.NS,DEEP ENE RESOURCES LTD,12.519936204146731,54.85,62.7,30.5,43.264,44.08225,52.5,56.7,51.15,52.3,265896
DEN.NS,DEN NETWORKS LTD,40.045941807044414,39.15,65.3,35,39.903,45.474,36.8,39.5,36.7,36.9,1759645
DFMFOODS.NS,D F M FOODS,36.811370647862496,286.75,453.8,227.1,266.258,318.50125,286.6,292,282.9,295.5,280783
DHANBANK.NS,DHANLAXMI BANK LTD,37.871287128712865,12.55,20.2,11.65,13.396,15.20375,12.35,12.7,12.1,12.4,701143
DHANI.NS,DHANI SERVICES LIMITED,72.51955537258131,66.75,242.9,58.1,100.906,163.96425,62.35,67.9,62.05,62.35,4049805
DHANUKA.NS,DHANUKA AGRITECH,30.823607552898768,729.05,1053.9,662.75,732.677,809.337,719.9,738,719.75,717.7,59963
DHARSUGAR.NS,DHARANI SUGAR & CH,51.60839160839161,17.3,35.75,5.9,19.251,20.07425,16.2,17.3,16.2,16.5,37748
DICIND.NS,DIC INDIA,36.49754500818331,349.2,549.9,339,389.408,432.5395,350,356.1,346.85,343.1,3166
DIGISPICE.NS,DIGISPICE TECHNOLOGIES LT,60,33.8,84.5,30.05,37.215,46.30975,30.3,33.8,30.3,30.75,216248
DISHTV.NS,DISH TV INDIA LTD,29.76445396145611,16.4,23.35,8.7,15.695,16.50075,16.5,16.65,16.3,16.35,2039185
DIVISLAB.NS,DIVI'S LABORATORIE,19.269690881274087,4379.7,5425.1,3561.65,4274.804,4700.0986,4425,4443.15,4335.1,4402.05,348130
DIXON.NS,DIXON TECHNOLOGIES,30.152476135562818,4361,6243.6,3421.4,4334.512,4730.301,4332.35,4398.95,4311.05,4308.8,179022
DLF.NS,DLF LIMITED,14.17611741160774,385.95,449.7,231.85,363.463,369.8855,380,387.7,378.85,380.45,3247901
DMART.NS,AVENUE SUPERMARTS,30.81016949152543,4082.2,5900,2676.4,4119.75,4205.2007,4013,4093,4000,4003.35,416289
DNAMEDIA.NS,DILIGENT MEDIA COR,43.82022471910113,2.5,4.45,0.65,2.474,2.54975,2.4,2.5,2.3,2.4,61229
DPSCLTD.NS,DPSC LIMITED,55.37720706260033,13.9,31.15,11.75,14.891,16.587,13.2,14,13.2,13.45,115126
DQE.NS,DQ ENTERTAINMENT I,18.181818181818187,0.9,1.1,0.85,0.85,0.87875,0.95,0.95,0.85,0.85,36822
DRCSYSTEMS.NS,DRC Systems India Limited,91.04705882352941,38.05,425,36,38.2156,214.0996,40,40,38.05,38.05,1032
DREDGECORP.NS,DREDGING CORP IND,32.752100840336134,320.1,476,295,327.736,346.863,314.7,322.35,314.7,314.4,50101
DRREDDY.NS,DR REDDYS LABS,23.77996651586935,4279.45,5614.6,3654,4179.19,4681.212,4295,4334.65,4263,4295.45,313835
DTIL.NS,DHUNSERI TEA & IND,32.781899051738485,268.85,399.96667,163.33333,268.711,284.27026,261.4,273.65,261.4,261.4,10920
DVL.NS,DHUNSERI VENTURES,30.771428571428565,242.3,350,88.5,252.026,267.06674,232,243,232,229.4,48644
DYNAMATECH.NS,DYNAMATIC TECHNOLO,34.12426035502959,2226.6,3380,949,2095.148,2210,2156,2240,2156,2136.85,3469
DYNPRO.NS,DYNEMIC PRODUCTS L,20.583268381397758,611.35,769.8,438.6,578.305,580.52576,589.5,629,580.3,580.95,32172
EASUNREYRL.NS,EASUN REYROLLE LTD,41.935483870967744,2.7,4.65,1.85,2.693,2.98375,2.6,2.7,2.6,2.6,13910
EDELWEISS.NS,EDELWEISS FIN SERV,41.22893954410308,59.3,100.9,50,59.534,74.216,58,62.65,56.9,58.7,14175124
EICHERMOT.NS,EICHER MOTORS,17.127588510354045,2481.2,2994,2159.55,2529.082,2627.542,2457.15,2494.75,2422,2457.15,745768
EIDPARRY.NS,E.I.D.-PARRY(INDIA,15.378119722274345,450.95,532.9,302.5,440.329,444.932,452,457,447.7,452.45,221293
EIMCOELECO.NS,EIMCO ELECON INDIA,40.26393503137689,323.65,541.8,295.5,333.881,383.65024,314.15,325.5,313.85,312.65,5202
ELECON.NS,ELECON ENGINEERING,29.132420091324207,155.2,219,61.5,158.587,165.58875,143.3,157.4,143.1,143.8,803768
ELECTHERM.NS,ELECTROTHERM (INDI,41.775653923541256,115.75,198.8,98.1,120.76,130.29974,113.75,116.55,112.05,112.3,24238
ELGIRUBCO.NS,ELGI RUBBER CO LTD,10.542168674698797,44.55,49.8,24.55,35.878,38.18025,41.85,46.7,41.5,39.55,1765274
EMAMILTD.NS,EMAMI LTD,26.79318108716629,455.2,621.8,430.1,481.481,533.6625,447,459,444,447.15,477643
EMAMIREAL.NS,EMAMI REALTY LTD,40.283018867924525,63.3,106,41.65,71.832,72.593,59,63.3,59,60.3,51028
EMCO.NS,EMCO LTD,43.478260869565226,1.95,3.45,1.35,1.95,2.0585,1.9,1.95,1.85,1.95,67284
EMKAY.NS,EMKAY GLOBAL FIN,26.483870967741936,113.95,155,60,111.894,112.26325,105,115,105,104.5,104640
EMMBI.NS,EMMBI INDUSTRIES,21.425862722791052,103.6,131.85,74.05,98.246,103.14,87.6,103.6,86.2,86.35,281455
ENDURANCE.NS,ENDURANCE TECH,43.83107088989442,1117.2,1989,1047.2,1357.455,1602.0902,1085.5,1126.7,1085.5,1094.8,201591
ENGINERSIN.NS,ENGINEERS INDIA,26.03351955307262,66.2,89.5,58,65.371,71.3595,64.1,67,64.1,64.05,1297325
ENIL.NS,ENTERTAINMENT NETW,7.8634361233480154,209.15,227,140,187.247,188.1715,207.65,213,203.85,203.7,36386
EPL.NS,EPL LIMITED,34.85185819489639,190.2,291.95,149,171.926,213.59325,193.7,195.6,188.7,193.6,255927
EQUITAS.NS,EQUITAS HOLDINGS,24.89655172413793,108.9,145,75.1,109.343,118.48425,106.5,109.6,106.45,106.5,408453
EQUITASBNK.NS,Equitas Small Fin Bnk Ltd,31.575520833333336,52.55,76.8,46.7,53.481,59.77725,51,52.9,51,51.1,619559
ERIS.NS,ERIS LIFESCIENCES,18.424101969872538,704,863,576.6,700.866,738.248,684.55,714,672.95,688.7,103120
ESSARSHPNG.NS,ESSAR SHIPPING POR,51.39318885448916,7.85,16.15,7.15,9.008,10.10475,7.75,7.85,7.6,7.5,47138
ESTER.NS,ESTER INDUSTRIES,11.380880121396055,146,164.75,109.7,130.746,136.3895,143.85,153,143.2,142.95,170380
EVEREADY.NS,EVEREADY INDUSTRIE,18.019107509977022,338.95,413.45,255.25,322.257,334.15,336.1,348,336.1,335,742790
EXIDEIND.NS,EXIDE INDUSTRIES,23.42606149341142,156.9,204.9,139.3,158.423,170.77525,151.5,157.95,151.5,151.1,3799562
FAIRCHEMOR.NS,Fairchem Organics Limited,30.49279057499561,1581.15,2274.8,710.4,1720.719,1779.256,1513.25,1630,1505.65,1502.45,14717
FCONSUMER.NS,FUTURE CONSUMER LT,58.57740585774058,4.95,11.95,4.4,6.709,7.38725,4.6,5.05,4.6,4.55,24898587
FDC.NS,FDC LTD,33.600889108421825,268.85,404.9,248.2,278.502,318.3725,258,269.95,256.4,257.1,211510
FEL.NS,FUTURE ENTERPRISES,55,6.3,14,5.4,8.8,9.327,5.95,6.35,5.95,5.85,4384446
FIEMIND.NS,FIEM INDUSTRIES LT,31.86701509872241,938.6,1377.6,535,1043.47,1052.6895,904.9,947.75,904.9,900.15,35598
FINCABLES.NS,FINOLEX CABLES,35.179099572790015,394.5,608.6,350,435.297,494.372,379.35,398.05,375.25,377.65,260113
FINPIPE.NS,FINOLEX INDUSTRIES,37.07566462167689,153.85,244.5,130.94,162.839,188.358,154.45,157.55,153.1,154.65,568038
FLFL.NS,FUTURE LIFESTYLE F,57.92410714285714,37.7,89.6,31.4,48.006,55.58575,34.7,37.7,34.65,34.3,529647
FMGOETZE.NS,FED MOGUL GOETZE,25.421367878534614,267.7,358.95,202.35,250.755,265.66675,267.4,269.45,265.95,265.65,26161
FMNL.NS,FUTURE MKT NETWORK,58.795180722891565,8.55,20.75,7.7,8.976,10.33175,8,8.65,8,8.05,147428
FORCEMOT.NS,FORCE MOTORS LTD,37.29597701149426,1091.05,1740,970.1,1100.896,1330.0498,1024,1112.9,1024,1018.8,84362
FORTIS.NS,FORTIS HLTH (INDIA,9.363534854043696,284.1,313.45,198.95,262.29,265.88226,289,289,282.45,290.4,915540
FOSECOIND.NS,FOSECO(INDIA),20.062608306780707,1430,1788.9,1157.75,1370.375,1459.7383,1385.1,1435,1385.1,1384,1092
FRETAIL.NS,FUTURE RETAIL LTD,57.049180327868854,32.75,76.25,27.95,44.75,50.45975,31.2,32.75,31.2,31.2,1131728
FSC.NS,FUTURE SUPPLY CHAI,58.81147540983606,50.25,122,44.35,62.204,71.64825,47.3,51.65,47.1,46.9,363623
FSL.NS,FIRSTSOURCE SOLUTI,47.12785670166769,128.4,242.85,109.2,136.014,176.8035,125.45,128.9,124.45,125.05,2355315
GABRIEL.NS,GABRIEL INDIA,30.12191495688374,117.5,168.15,96.2,120.624,136.27225,112.35,118.6,112.35,111.9,380723
GALAXYSURF.NS,GALAXY SURFACTANTS,18.330009900575906,2928.4,3585.65,2441,2932.314,3072.0696,2860,2976,2860,2864.4,73277
GALLANTT.NS,GALLANTT METAL LTD,29.65909090909091,61.9,88,46.25,65.197,71.33025,60.3,62.7,60.3,60.25,46457
GALLISPAT.NS,GALLANTT ISPAT LTD,26.28571428571428,51.6,70,37,51.091,52.93125,50.25,52,50.25,50.85,21758
GANDHITUBE.NS,GANDHI SPECIAL TUB,36.96877516328174,352.25,558.85,256.95,354.459,411.6895,349.6,354,348.95,349.85,2259
GARFIBRES.NS,GARWARE TECHNICAL,28.605459057071965,2877.2,4030,2486.2,2931.081,3253.9675,2849.8,2898,2832.5,2821.75,5861
GAYAPROJ.NS,GAYATRI PROJECTS,60.37891268533773,24.05,60.7,19.9,24.432,36.014,23.35,25,23.15,23.25,1995826
GEEKAYWIRE.NS,GEEKAY WIRES LIMITED,43.53410097431356,63.75,112.9,55.55,74.672,85.0215,66,69.15,59.6,66.65,115251
GENCON.NS,Generic Eng Cons Proj Ltd,42.393162393162385,33.7,58.5,31.1,35.775,40.65775,32.65,33.9,32.1,32.3,31697
GEOJITFSL.NS,GEOJIT FINANCIAL S,36.5141187925998,65.2,102.7,43.55,69.733,77.45975,63,65.9,62.6,62.5,933448
GEPIL.NS,GE POWER INDIA LTD,58.763440860215056,153.4,372,130.75,181.14,267.18576,154.95,159.1,151,152.05,252998
GESHIP.NS,GREAT EASTERN SHI,21.494382022471907,349.35,445,262.8,325.743,332.78125,347,351.85,345.3,345.35,65619
GET&D.NS,GE T&D INDIA LTD,36.08582574772433,98.3,153.8,81.45,100.357,123.79525,91,99.5,91,91.65,245867
GFLLIMITED.NS,GFL LIMITED,11.983032873806996,83,94.3,59,67.628,71.73575,79.5,87,79.15,78.9,408439
GICHSGFIN.NS,GIC HOUSING FINANC,32.31300913354728,137.1,202.55,104.2,142.516,154.58424,131.6,137.55,131.6,130.95,110806
GICRE.NS,GENERAL INSURANCE,46.18916437098255,117.2,217.8,109.1,124.549,145.7225,114.75,117.8,113.8,113.85,427617
GILLETTE.NS,GILLETTE INDIA LTD,20.086055776892426,5014.6,6275,4750,5052.025,5544.0723,4849.65,5020,4840,4849.65,15218
GIPCL.NS,GUJARAT IND POWER,26.395458845789975,77.8,105.7,68.4,79.104,84.53775,73.4,78.05,73.35,73.45,503343
GKWLIMITED.NS,GKW LIMITED,36.93625325238508,581.7,922.4,460.1,576.978,632.6675,569,587,533.35,539.2,701
GLAND.NS,Gland Pharma Limited,23.154022988505744,3342.8,4350,2400,3342.655,3660.3184,3287.9,3359,3281.75,3272.65,329066
GLAXO.NS,GLAXO SMITHKLINE P,13.576547231270359,1658.25,1918.75,1399.3,1571.879,1599.0875,1644,1684.8,1644,1666.9,15091
GLENMARK.NS,GLENMARK PHARM,34.53216585860048,452.35,690.95,414.1,463.559,523.691,444.25,453.5,438.55,442,719220
GLFL.NS,GUJARAT LEASE,35.99999999999999,3.2,5,1.95,3.135,3.19075,3.1,3.2,3.1,3.05,4116
GLOBALVECT.NS,GLOBAL VECTRA HELI,46.962879640045,47.15,88.9,36.85,51.997,55.20475,45.6,47.55,45.6,45.3,12515
GMBREW.NS,GM BREWERIES,21.245937161430124,726.9,923,382,659.994,666.4412,718,735,715,713.8,49967
GMMPFAUDLR.NS,GMM PFAUDLER LTD,15.681692732290712,4582.7,5435,3935.5,4550.683,4612.402,4580,4618.35,4560,4555.55,13940
GNA.NS,GNA AXLES LTD,52.86311906796815,523.95,1111.55,350.1,515.021,673.92377,492,533.9,489.1,487.85,132488
GOCLCORP.NS,GOCL CORPORATION L,27.351421188630496,281.15,387,195,284.268,293.2485,280.15,282,276.65,275.25,4818
GODFRYPHLP.NS,GODFREY PHILLIPS,26.040816326530607,1041.9,1408.75,841.5,1055.293,1110.3025,1014.65,1049,1011.65,1009.6,15491
GODREJAGRO.NS,GODREJ AGROVET LTD,38.53776111408677,459,746.8,441,488.068,578.1265,442.15,461.9,442.15,442.15,293183
GODREJCP.NS,GODREJ CONSUMER PR,33.83128295254833,753,1138,660.05,788.964,932.33826,750,755.4,739.1,747.3,1289810
GODREJIND.NS,GODREJ INDUSTRIES,29.003021148036254,470,662,451.2,534.796,571.11224,466.35,477.85,466,464,233926
GODREJPROP.NS,GODREJ PROPERTIES,34.867205542725166,1692.15,2598,1200,1571.793,1809.2385,1673.2,1698,1670,1672.2,616840
GOLDENTOBC.NS,GOLDEN TOBACCO LTD,47.11740041928721,100.9,190.8,35.5,103.925,107.13325,95.45,102.45,94.05,93.15,47478
GOODYEAR.NS,GOODYEAR(INDIA),31.985583962157893,905.85,1331.85,783,924.977,1020.90576,915,923,881.1,885.45,5833
GPIL.NS,GODAWARI POWER,78.88798701298701,390.15,1848,231.35,335.801,670.0407,387.9,404.45,385.85,386.45,719237
GPPL.NS,GUJARAT PIPAVAV PO,36.76588897827836,78.6,124.3,76.05,87.46,100.33025,76.5,79.5,76.5,76.4,715217
GPTINFRA.NS,GPT INFRAPROJECTS,29.16087158089939,76.4,107.85,34.8,77.369,83.245,74.9,77.6,74.9,75.05,15123
GRANULES.NS,GRANULES INDIA,22.65316205533596,313.1,404.8,265.2,303.353,326.16275,307,319.35,304.2,306.5,1541226
GRAPHITE.NS,GRAPHITE INDIA,36.70180169138374,516.45,815.9,396,497.608,552.2525,502.15,522.55,502.15,502.85,948215
GREENPLY.NS,GREENPLY INDUSTRIE,17.785630153121314,209.4,254.7,161.35,189.192,196.59225,216,217.9,207.1,219.9,485800
GROBTEA.NS,THE GROB TEA COMPA,30.550941306755263,1003.4,1444.8,761.35,1044.1,1096.6176,1006.45,1022.95,1000.35,1001.85,317
GSCLCEMENT.NS,GUJARAT SIDHEE CEM,33.972821742605916,41.3,62.55,28.65,43.129,46.997,40.5,41.4,39.9,39.9,138166
GSPL.NS,GUJARAT STATE PETR,31.843354430379748,258.45,379.2,220.25,283.199,313.38474,259.8,267.6,255.9,259.05,952799
GTL.NS,GTL LTD,63.981042654028435,11.4,31.65,4.8,15.464,17.3865,11.05,11.5,10.9,11,1130047
GTLINFRA.NS,GTL INFRASTRUCTURE,61.7283950617284,1.55,4.05,0.65,1.8,1.97025,1.5,1.55,1.45,1.5,71437605
GTPL.NS,GTPL HATHWAY LTD,41.63746416056068,183.2,313.9,118.45,207.772,233.9955,176,186,173.25,173.3,239678
GUJAPOLLO.NS,GUJARAT APOLLO IND,24.219454972026714,209.95,277.05,197.25,215.902,219.02576,205.25,211.8,205.25,207.35,3534
GUJGASLTD.NS,GUJARAT GAS LTD,37.01017811704834,495.1,786,478.05,591.541,648.97723,507,507.55,493.6,503.25,1717319
GULFOILLUB.NS,GULF OIL LUBRICANT,42.87145242070117,427.75,748.75,416.85,460.646,550.6825,422.55,432.35,422.55,422.55,84709
GULFPETRO.NS,GP PETROLEUMS LTD,37.201805286911664,48.7,77.55,34.8,50.173,52.907,46,49.7,45.4,45.35,159102
HAPPSTMNDS.NS,Happiest Minds Techno Ltd,31.367088607594933,1084.4,1580,594.55,1078.352,1271.8955,1059.9,1093,1058.15,1056.65,405053
HARRMALAYA.NS,HARRISONS MALAYALA,45.005005005005,137.35,249.75,129.05,151.951,177.85175,132.7,138.4,132.15,132.15,43635
HATHWAY.NS,HATHWAY CABLE & DA,35.384615384615394,18.9,29.25,16.8,19.624,22.62325,17.4,19.5,17.35,17.25,9274164
HATSUN.NS,HATSUN AGRO PRODUC,29.145778039909565,1081.2,1525.95,725,1114.949,1181.5623,1078.9,1086.85,1068.1,1072,28763
HAVELLS.NS,HAVELLS INDIA,22.024660174814727,1173.1,1504.45,958,1160.41,1264.6567,1154.2,1176,1153,1152.55,747071
HCLTECH.NS,HCL TECHNOLOGIES,15.104336780983482,1169.65,1377.75,891,1157.168,1162.2853,1161,1174,1152.05,1163.75,2479710
HDFC.NS,HOUSING DEVEL FIN,18.82757935851179,2452.3,3021.1,2046,2385.197,2629.533,2363.2,2464.7,2349,2390.4,2650950
HDFCAMC.NS,HDFC ASSET MANAGEM,32.34769687964339,2276.5,3365,1987.85,2177,2640.9714,2159.95,2292.1,2158.45,2146.05,748379
HDFCBANK.NS,HDFC BANK,12.695652173913043,1506,1725,1292,1462.006,1518.5995,1476.4,1509.5,1470.3,1470.35,7282868
HDFCLIFE.NS,HDFC LIFE INSURANC,29.046606072326433,550.35,775.65,497.05,563.717,658.23773,538,551.4,536.4,538.2,3674209
HEG.NS,HEG LIMITED,47.23849372384938,1387.1,2629,1032,1365.94,1917.0618,1373.65,1405,1364,1376.05,353399
HEIDELBERG.NS,HEIDELBERGCEMENT I,31.37392525004386,195.55,284.95,178.45,202.887,236.38326,190,196,189.6,189.6,138230
HEMIPROP.NS,Hemisphere Prop Ind Ltd,28.139952153110038,120.15,167.2,99.05,120.712,133.7455,115.2,121.3,114.85,114.35,1097287
HERANBA.NS,Heranba Industries Ltd,28.995789352252412,615.5,866.85,551.1,642.69,714.4855,611,618.5,607.95,604.8,106583
HERCULES.NS,HERCULES HOISTS,18.045112781954888,147.15,179.55,107.8,145.893,147.48,140,148,139.9,139.25,54833
HERITGFOOD.NS,HERITAGE FOODS LTD,41.19469026548673,332.25,565,287.45,337.271,428.6675,323.5,335.75,322.65,320.25,75965
HEROMOTOCO.NS,HERO MOTOCORP LTD,27.50323624595469,2240.15,3090,2146.85,2543.083,2673.9663,2185,2246,2150,2294.15,3541356
HESTERBIO.NS,HESTER BIOSCIENCES,14.066687938736436,2693.15,3134,1887.15,2409.66,2438.9922,2745,2750,2673.05,2713.45,11882
HEXATRADEX.NS,HEXA TRADEX LTD,31.083101901303138,161.3,234.05,74,142.579,151.209,162.15,164.45,160.7,163.6,55134
HGINFRA.NS,H.G. INFRA ENGINEE,30.98795180722892,572.8,830,252,581.049,597.862,560.7,583,558.5,557.95,136671
HGS.NS,HINDUJA GLOBAL SOL,42.79336734693877,1121.25,1960,792.5,1211.7825,1394.9517,1029.9,1151,1027,1023.7,466400
HIKAL.NS,HIKAL LTD,44.339622641509436,413,742,156.2,394.23,513.64026,405.95,418.5,401.95,402.3,114539
HIL.NS,HIL LIMITED,40.32746132390261,4032.7,6758.05,2975,4062.468,4664.4097,4008,4069.9,3974.1,3974.1,7656
HIMATSEIDE.NS,HIMATSINGKA SEIDE,49.23277832190663,155.5,306.3,133.1,185.878,228.00725,151.35,158,149.4,150.5,294647
HINDCOMPOS.NS,HINDUSTAN COMPOSIT,27.119999999999994,273.3,375,234,292.986,312.31674,264.05,274.95,264.05,264.15,3111
HINDCOPPER.NS,HINDUSTAN COPPER,40.6861499364676,116.7,196.75,105,122.739,127.1375,114,117,113.8,113.75,5074902
HINDNATGLS.NS,HINDUSTHAN NAT GLA,66.72932330827068,17.7,53.2,11,16.748,31.703,17.8,17.8,17.7,18.6,293083
HINDPETRO.NS,HINDUSTAN PETROL,21.913754227733936,277.05,354.8,222.8,286.163,292.604,269.95,277.45,269.4,269.35,4157487
HINDUNILVR.NS,HINDUSTAN UNILEVER,27.319623684118493,2078.15,2859.3,1901.55,2166.446,2401.7537,2054.9,2085.85,2038.4,2048.65,1714559
HINDZINC.NS,HINDUSTAN ZINC,21.524718551150276,320.65,408.6,277.5,316.876,324.77975,311.55,321.55,309.95,310.15,1338498
HISARMETAL.NS,HISAR METAL INDUST,21.121212121212118,130.15,165,91.2,117.461,126.3455,125.8,131,121,122.45,58702
HITECH.NS,HI TECH PIPES LTD,32.12499999999999,515.85,760,334.9,542.624,560.7945,508.85,517.75,504,503.9,46644
HITECHGEAR.NS,THE HI-TECH GEARS,40.688618663751875,217.05,365.95,143.5,232.688,256.6735,219.9,219.9,213.1,214.85,7519
HLVLTD.NS,HLV LIMITED,30.152671755725187,9.15,13.1,5.05,9.896,10.05125,9.3,9.45,9.1,9.15,294513
HMT.NS,HMT LTD (INDIA),32.29036295369212,27.05,39.95,25.25,28.469,29.5555,26.75,27.1,26,25.85,5202
HMVL.NS,HINDUSTAN MEDIA VE,38.097469540768515,66.05,106.7,56,68.766,75.23975,62.9,67,61.8,61.3,158056
HONAUT.NS,HONEYWELL AUTO IND,15.887993789654145,39764.75,47275.95,37950,41396.38,41801.945,39680.15,39899.95,39458.95,39676.8,1322
HONDAPOWER.NS,HONDA INDIA POWER,18.989260064571393,1229.5,1517.7,915,1271.09,1275.5072,1226.6,1291.4,1215.2,1234,67586
HOVS.NS,HOV SERVICES LTD,46.80264608599779,48.25,90.7,40.05,52.651,58.038,45.2,48.25,44.6,43.9,24536
HPL.NS,HPL ELECTRIC POWER,27.680525164113792,66.1,91.4,43.65,66.95,69.96475,64.45,66.75,64,64,116352
HUDCO.NS,HOUSING & URBAN,41.45922746781116,34.1,58.25,30.6,36.432,42.09825,32.9,34.2,32.7,32.75,2088126
HUHTAMAKI.NS,HUHTAMAKI INDIA LIMITED,50.73170731707317,161.6,328,148.4,177.731,238.54375,150.8,165,150.8,150.9,200353
IBREALEST.NS,INDIABULLS REAL ES,42.82797345584482,112,195.9,72.5,120.44,145.97874,102,113,101.7,101.4,23590166
IBULHSGFIN.NS,INDIABULLS HOUSING,46.732547019445335,167.1,313.7,130.2,175.414,223.772,158,168.2,157.45,157.8,21063257
ICICIGI.NS,ICICI LOMBARD GEN,19.48656716417911,1348.6,1675,1192,1293.114,1447.42,1321.1,1353.15,1316.95,1328.3,212173
ICICIPRULI.NS,ICICI PRUDENTIAL L,29.863316305398314,508,724.3,430,502.055,599.5687,500,509,493.6,500.9,899684
ICIL.NS,INDO COUNT INDUSTR,46.36507936507937,168.95,315,117,191.073,235.94424,158.95,170.6,158.05,158.95,487040
IDFCFIRSTB.NS,IDFC FIRST BANK,32.74193548387096,41.7,62,37.6,43.353,47.5545,39.65,41.85,39.45,39.7,67221987
IFBIND.NS,IFB INDUSTRIES LTD,25.709265292674882,1014.7,1365.85,800,958.097,1079.225,1031,1038.65,1005.2,1040.7,54672
IFCI.NS,IFCI LTD,36.339522546419104,12,18.85,10.3,13.128,13.55375,11.2,12.05,11.15,11.1,8544942
IFGLEXPOR.NS,IFGL EXPORTS LTD,38.21184510250569,271.25,439,245.5,282.786,321.0325,257.85,274,257.25,257.95,20830
IGARASHI.NS,IGARASHI MOTORS IN,39.77522599560225,369.75,613.95,274.45,390.929,483.31174,358.4,372.05,358.4,358.4,64898
IGL.NS,INDRAPRASTHA GAS,36.81587907981064,380.4,602.05,321,377.976,481.22125,375.95,381.25,372.5,373.15,1615648
IGPL.NS,IG PETROCHEMICAL,29.60926762222659,717,1018.6,413,695.444,710.7067,701.6,728,701.6,701.2,38329
IIFLSEC.NS,IIFL SECURITIES,28.171206225680937,92.3,128.5,46,89.725,94.7775,88.05,93,88.05,88.55,316904
IMPAL.NS,INDIA MOTOR PARTS,17.260869565217387,761.2,920,611.05,770.402,775.867,763.45,763.7,754.35,755.1,217
INCREDIBLE.NS,INCREDIBLE INDUSTRIES LTD,50.34090909090909,21.85,44,19.2,24.821,27.89875,21.6,21.85,21,20.85,9654
INDBANK.NS,INDBANK MERCH BANK,37.834224598930476,23.25,37.4,12.5,23.768,24.149,22.1,24.9,21.8,21.6,333830
INDIAMART.NS,IndiaMART InterMESH Ltd,54.161388983286486,4451.25,9710.7,3960,4801.714,6824.4775,4356.8,4499,4331.25,4322.65,107829
INDIANHUME.NS,INDIAN HUME PIPE,27.53164556962026,183.2,252.8,165.9,201.325,205.22874,178.5,186.5,178.4,178.4,46450
INDIGOPNTS.NS,Indigo Paints Limited,40.99270072992701,1616.8,2740,1438.15,1764.033,2228.0571,1610.95,1656,1605.05,1605.85,31121
INDOCO.NS,INDOCO REMEDIES LT,27.477604903347473,384.55,530.25,285.25,383.889,428.4255,377.05,391.2,377.05,377.05,37623
INDOSTAR.NS,INDOSTAR CAP FIN,48.52411807055436,214.5,416.7,201.35,236.194,278.18124,211,217.55,209.25,211.1,237674
INDRAMEDCO.NS,INDRAPRASTHS MEDIC,38.926829268292686,62.6,102.5,54,68.656,76.528,58.65,63,58.65,58.4,308062
INDSWFTLAB.NS,IND SWIFT LABS,46.567281286779135,68.1,127.45,55.15,71.69,75.4325,66.65,68.8,66.05,66.65,94695
INDUSINDBK.NS,INDUSIND BANK LTD,22.012882447665053,968.6,1242,811,920.876,996.76874,929.45,970.95,929.15,935.4,5221273
INDUSTOWER.NS,INDUS TOWERS LIMITED,33.48858173076923,221.35,332.8,194.1,231.947,252.553,223,223.9,218.55,222.05,3883212
INEOSSTYRO.NS,INEOS STYROLUTION,44.50292397660818,1043.9,1881,940,1114.621,1344.7867,975.35,1068,975.35,975.35,39200
INFIBEAM.NS,INFIBEAM AVENUES L,65.66780821917807,20.05,58.4,18.25,20.721,36.91425,19.3,20.2,19.25,19.35,8272174
INFOMEDIA.NS,INFOMEDIA PRESS LI,8.661417322834644,5.8,6.35,3.15,4.382,4.72075,5.8,5.8,5.55,5.55,16336
INSECTICID.NS,INSECTICIDES INDIA,25.80873671782763,628.4,847,442.7,659.82,694.517,616.85,644,613.55,613.9,13096
IOB.NS,INDIAN OVERSEAS BK,36.03448275862069,18.55,29,12.8,18.997,21.103,17.8,18.75,17.8,18.15,3689782
IOLCP.NS,IOL CHEMICALS&PHAR,41.46206896551725,424.4,725,292.8,395.523,516.106,353.7,424.4,353.7,353.7,4956944
IPCALAB.NS,IPCA LABORATORIES,25.717590918950176,1027.4,1383.1,916.675,1005.447,1086.0702,1065,1065,1021,1065.75,355924
IRCON.NS,IRCON INTERNATIONA,25,40.5,54,39.1,42.397,44.907,39.8,40.75,39.8,39.8,1772580
IRFC.NS,Indian Railway Fin Corp L,18.71455576559546,21.5,26.45,20.8,22.316,23.2055,21.4,21.6,21.35,21.45,10577052
ISEC.NS,ICICI SEC. LTD,31.08085486300988,617.55,896.05,380,668.407,731.189,620,626.9,613.55,621.25,442769
ISGEC.NS,Isgec Heavy Eng Ltd,39.11310980816304,534.8,878.35,503,577.469,662.7723,514.05,537,514.05,513.3,92227
ITDC.NS,INDIA TOURISM DEV,17.190527448869755,384.65,464.5,299.5,367.138,382.80475,379.1,390.7,379.1,379,38432
ITDCEM.NS,ITD CEMENTATION IN,31.144176500769635,67.1,97.45,59.5,69.613,78.586,63.25,67.5,63,63.1,697933
ITI.NS,INDIAN TEL IND(ITI,31.05006954102921,99.15,143.8,90,104.907,116.6615,95.6,100.4,95.6,96.45,207164
IZMO.NS,IZMO LIMITED,41.286863270777474,87.6,149.2,50.1,87.546,90.92825,84.4,88.4,83.6,83.15,38329
J&KBANK.NS,JAMMU & KASHMIR BA,28.467908902691512,34.55,48.3,22.5,36.415,37.99325,32.6,34.8,32.4,32.3,4549477
JAIBALAJI.NS,JAI BALAJI IND,35.96059113300492,45.5,71.05,35,47.955,54.90175,44,45.9,44,43.85,184284
JAICORPLTD.NS,JAI CORP LTD,33.969355305001436,114.2,172.95,80.15,117.763,130.4545,109.8,115.9,109.55,109.3,2069428
JASH.NS,Jash Engineering Limited,15.039808917197458,533.55,628,300.5,494.26,497.96426,519.8,544.7,510,510.35,18002
JAYAGROGN.NS,JAYANT AGRO-ORG,21.309450277949352,254.8,323.8,128.25,224.679,232.564,248,261,248,248.5,43623
JAYBARMARU.NS,JAY BHARAT MARUTI,43.967280163599185,150.7,268.95,98.575,163.964,187.833,144.9,151.9,141.55,141.8,54460
JAYSREETEA.NS,JAYSHREE TEA,34.11521214211797,95.5,144.95,64.95,97.962,105.2805,92.9,96,92.2,92.2,55085
JBCHEPHARM.NS,J.B.CHEMICALS & PH,21.574307304785894,1556.75,1985,1208,1652.852,1706.7998,1574.9,1598,1548.9,1574.9,53441
JBFIND.NS,JBF INDUSTRIES,73.06163021868788,13.55,50.3,12.8,17.157,23.765,12.8,13.55,12.8,12.95,32224
JCHAC.NS,JOHNSON CONTROLS-H,30.43559334675916,1865.3,2681.4,1666.8,1825.669,2056.0522,1779.65,1880.75,1776.05,1770.75,13429
JETAIRWAYS.NS,JET AIRWAYS INDIA,37.26521412471825,83.5,133.1,65.1,85.021,89.4945,81.7,83.5,81,79.55,32846
JHS.NS,JHS SVENDGAARD LAB,33.83233532934131,22.1,33.4,18.6,24.359,25.11675,20.5,22.3,20.5,20.55,170536
JINDALSAW.NS,JINDAL SAW LTD,36.822493224932245,93.25,147.6,70.6,94.213,109.961,90.4,93.5,90.1,90.1,1237830
JISLDVREQS.NS,JAIN IRRIGATION,31.034482758620687,21,30.45,10.85,22.416,22.94075,20.1,21.25,20.05,20.05,12883
JIYAECO.NS,Jiya Eco-Products Ltd,52.70270270270271,3.5,7.4,2.65,3.635,4.17075,3.5,3.5,3.5,3.5,37380
JKCEMENT.NS,JK CEMENTS LTD,34.01511203751954,2532.5,3838,2139.05,2824.427,3185.1755,2438,2544.45,2422.55,2431.3,260447
JKIL.NS,J KUMAR INFAPROJEC,26.07758620689655,171.5,232,148.9,168.594,181.13925,166.2,172,165.2,166.9,153488
JKLAKSHMI.NS,JK LAKSHMI CEMENT,42.89828431372549,465.95,816,386.3,477.839,600.836,477.7,479.15,463.4,474.85,240291
JKTYRE.NS,JK TYRE&INDUSTRIES,30.13977868375072,119.95,171.7,98,117.459,138.326,118,121.6,116.9,117.35,888420
JMCPROJECT.NS,JMC PROJECTS IND,34.692307692307686,84.9,130,74.3,92.306,102.766,80.3,86,80.3,80.25,96685
JMFINANCIL.NS,JM FINANCIAL,41.97111299915039,68.3,117.7,60.15,68.045,82.3145,68,69.7,67.65,67.6,828360
JMTAUTOLTD.NS,JMT AUTO LTD,47.22222222222223,1.9,3.6,1.9,2.336,2.7585,1.9,1.9,1.9,1.9,273252
JOCIL.NS,JOCIL LTD,37.91432145090682,198.55,319.8,144,181.128,208.89874,195.35,205.5,195.35,193.2,52911
JPASSOCIAT.NS,JAIPRAKASH ASSOCIA,45.68690095846645,8.5,15.65,6.4,9.687,9.9675,8.35,8.55,8.2,8.3,10769101
JSWHL.NS,JSW HOLDINGS LIMIT,29.682499999999994,4219.05,6000,3650.05,4066.537,4460.898,4167,4290,4140,4104.65,761
JSWISPL.NS,JSW ISPAT SPE PRO LTD,48.11250925240563,35.05,67.55,27.3,34.122,34.53475,32.45,35.45,32.45,32.25,3623160
JSWSTEEL.NS,JSW STEEL LTD,5.705086928525429,732.2,776.5,503.2,655.309,675.85974,735,749.95,728.5,732.65,5078558
JTEKTINDIA.NS,JTEKT INDIA LTD,42.7012791572611,76.15,132.9,70.05,79.886,96.67475,74.2,77.95,74.05,73.8,233620
JUBLFOOD.NS,JUBILANT FOODWORKS,40.62200435729848,2725.45,4590,2443.3,2938.511,3551.3916,2652,2734.6,2646.05,2636.5,1626147
JUBLINGREA.NS,Jubilant Ingrevia Limited,41.8956780923994,487.35,838.75,272.65,514,611.50775,453.8,490.5,452.3,449.85,1131905
JUBLPHARMA.NS,JUBILANT PHARMOVA LTD,55.5891891891892,410.8,925,385.15,447.692,583.83276,392,416.95,390.3,388.15,244090
JUSTDIAL.NS,JUST DIAL LTD,33.41827768014059,757.7,1138,644.55,800.296,873.2705,711.4,763.9,711.4,711.4,988088
JYOTHYLAB.NS,JYOTHY LABS LTD,20.288307528029897,149.3,187.3,130.15,139.716,154.6725,147.45,150.2,147.15,147.45,276641
KAJARIACER.NS,KAJARIA CERAMICS,27.074696341552123,1002.65,1374.9,851.05,1142.148,1151.532,1004,1019.15,993.1,1019.3,108032
KAKATCEM.NS,KAKATIYA CEM SUGAR,27.367927477336664,232.35,319.9,167,226.592,239,222.2,235,222.2,221.9,18776
KALPATPOWR.NS,KALPATARU POWER TR,24.21370967741936,375.9,496,336.95,387.774,406.291,368,379.2,366.55,366.75,192320
KALYANIFRG.NS,KALYANI FORGE,25.286876695180467,179.05,239.65,162.35,186.824,196.21225,182.6,182.6,173.05,173.95,544
KALYANKJIL.NS,Kalyan Jewellers Ind Ltd,31.030640668523677,61.9,89.75,55.65,62.346,69.09675,59.7,62.8,59.15,58.75,1570736
KANORICHEM.NS,KANORIA CHEMICALS,35.229067930489734,143.5,221.55,92,138.596,161.28175,138.1,143.5,138.05,136.7,9858
KANPRPLA.NS,Kanpur Plastipack Limited,37.14169483482582,128.65,204.66667,86.96667,128.903,150.251,123.3,129.95,120.95,121.1,20257
KANSAINER.NS,KANSAI NEROLAC PAI,30.4,469.8,675,421.7,489.143,575.01776,462.5,477.25,457.2,467.75,331443
KAYA.NS,KAYA LIMITED,37.36091794158554,360.3,575.2,232.95,387.354,439.5985,355,369,354.3,350.3,17294
KCP.NS,KCP LTD,29.615384615384617,118.95,169,81,121.544,135.5575,116.95,120.15,116.05,115.85,107795
KEERTI.NS,Keerti Know & Skill Ltd.,44.46153846153846,18.05,32.5,16.1,18.922,25.897,17.4,18.1,17.4,17.25,8552
KESORAMIND.NS,KESORAM INDUSTRIES,48.199052132701425,54.65,105.5,47.75,57.18,69.22425,52.7,54.85,52.6,52.3,508274
KHADIM.NS,KHADIM INDIA LTD,35.78212290502793,229.9,358,124,250.899,264.79776,224.45,231.4,223.45,221.8,38219
KICL.NS,KALYANI INVESTMENT,32.79835390946502,1633,2430,1385,1684.776,1943.083,1638.9,1724,1627,1582.5,996
KIOCL.NS,KIOCL LTD,31.473354231974923,218.6,319,140.25,233.617,255.14275,209.1,225.5,208.95,208.7,145569
KIRIINDUS.NS,KIRI INDUSTRIES LT,25.69955817378498,504.5,679,405.95,490.092,508.88574,492,507.5,487.25,489.6,63927
KIRLFER.NS,Kirloskar Ferrous Ind Ltd,29.840764331210185,220.3,314,165,206.551,236.317,216.4,222.7,215.05,214.85,134525
KIRLOSBROS.NS,KIRLOSKAR BROTHERS,40.554887820512825,296.75,499.2,210.3,320.808,372.106,287.3,299.2,285.25,283.05,12983
KIRLOSENG.NS,KIRLOSKAR OIL ENGI,50,138.85,277.7,122.55,145.573,194.248,132.5,140.7,132.1,131.95,201693
KIRLOSIND.NS,KIRLOSKAR IND LTD,20.15097398485194,1576.1,1973.85,1198.05,1484.394,1547.4373,1549.05,1585,1545.65,1550.85,1606
KOKUYOCMLN.NS,KOKUYO CAMLIN LTD,22.59073842302879,61.85,79.9,52,62.714,66.02,59.5,62.4,59.15,59.05,104252
KOTAKBANK.NS,KOTAK MAHINDRA BAN,21.142920550377273,1776.65,2253,1626,1810.551,1862.2512,1749.3,1780,1745.6,1753.85,2372823
KRBL.NS,KRBL LTD,38.09735167924249,209.2,337.95,173.15,212.365,253.22025,202,210.6,202,201.6,798170
KSB.NS,KSB LTD,6.335931963146711,1321.6,1411,821.2,1155.178,1187.9347,1340,1362,1303.95,1319.45,32786
KSCL.NS,KAVERI SEED COMPAN,28.49445907059327,583.95,816.65,467.25,528.826,575.58374,544.2,588.5,544.2,547,376889
KSL.NS,KALYANI STEELS,34.34148434148433,306.1,466.2,265,306.52,358.301,299.05,309.8,297.05,296.4,38328
KTKBANK.NS,KARNATAKA BANK,29.749541844838117,57.5,81.85,51.6,61.013,64.1855,55.65,57.65,55.65,55.45,1657765
KUANTUM.NS,Kuantum Papers Limited,23.28703703703704,82.85,108,59.15,81.423,81.473,82,87.9,81.45,80.4,146771
L&TFH.NS,L&T FINANCE HOLDIN,17.853610286844706,83.05,101.1,58.5,71.993,81.58725,80.55,83.6,80.4,80.6,12630848
LALPATHLAB.NS,DR LAL PATHLABS LT,38.81050524084324,2597.8,4245.5,2263.4,2734.694,3436.702,2620,2639.7,2591.1,2610.7,198161
LASA.NS,LASA SUPERGENERICS,49.73089343379978,46.7,92.9,37.7,52.503,66.76375,41.95,47.1,41.95,41.8,458906
LAURUSLABS.NS,LAURUS LABS LTD,17.554404145077715,596.7,723.75,362.1,544.079,579.7017,590,600,586.2,590.1,1025176
LIBAS.NS,Libas Designs Limited,60.26177844028392,25.3,63.666664,23.25,28.66,41.708,24.7,25.6,24.15,24.15,51332
LIBERTSHOE.NS,LIBERTY SHOES,29.828624363131084,151.5,215.9,115.9,148.902,163.57574,147.9,153.9,146.45,146.4,88526
LICHSGFIN.NS,LIC HOUSING FINAN,31.376163701723666,372.25,542.45,321,363.984,400.08325,358.95,373.5,357.5,358.95,6286997
LIKHITHA.NS,Likhitha Infrastruc Ltd,37.36458333333334,300.65,480,280,317.422,359.50876,290,307.05,290,289.45,72293
LINCOLN.NS,LINCOLN PHARMA LTD,21.835061490233908,324.15,414.7,225.5,325.426,347.604,315.5,332,311.35,310.6,49353
LUMAXIND.NS,LUMAX INDUSTRIES,44.483454752918455,948.75,1708.95,865,1024.16,1313.2683,891.65,952,890,887.2,16568
LUPIN.NS,LUPIN LTD,39.612669112136636,765.5,1267.65,678.8,787.015,933.225,744.95,766.9,735.8,747.05,1096828
LUXIND.NS,LUX INDUSTRIES LTD,45.453273040482344,2533.15,4644,1780,2587.709,3532.075,2200,2629.1,2200,2190.95,443145
M&M.NS,MAHINDRA &MAHINDRA,15.57201225740552,826.55,979,671.15,808.821,819.82227,811,829,807.7,806.55,3405720
M&MFIN.NS,MAHINDRA &MAH FIN,19.82069299733463,165.45,206.35,128,152.899,162.96425,159,166.85,158.55,159.15,7186114
MAANALU.NS,MAAN ALUMINIUM LTD,42.64046143986328,134.25,234.05,72.25,128.816,140.9955,134.5,137,122.55,134.8,60892
MADHAV.NS,MADHAV MARB & GRAN,28.399999999999995,53.7,75,43.15,53.39,56.392,52.55,54.2,52.55,51.9,14286
MAHABANK.NS,BK OF MAHARASHTRA,45.78124999999999,17.35,32,15.15,18.762,20.12,16.9,17.5,16.9,16.7,3559423
MAHASTEEL.NS,MAHAMAYA STEEL IND,40.134059488898195,71.45,119.35,65.8,75.975,86.796,69.25,71.95,69.25,69.95,19246
MAHEPC.NS,Mahindra EPC Irrig Ltd,46.07182940516274,96.1,178.2,85.1,104.079,127.6195,90.75,96.95,90.75,90.75,107400
MAHESHWARI.NS,MAHESHWARI LOGISTI,25.071225071225072,105.2,140.4,64,84.745,96.758,104.15,107.95,103.7,104.15,241974
MAHINDCIE.NS,MAHINDRA CIE AUTO,43.30128205128205,176.9,312,150.25,192.648,231.88374,172.7,179,171.25,171.85,276116
MAHLOG.NS,MAHINDRA LOGISTICS,38.33130328867235,506.3,821,391.1,485.735,637.59375,507.4,524,501.5,504.6,81028
MAHSCOOTER.NS,MAHARASHTRA SCOOT,26.131683168316833,3730.35,5050,3275,3583.586,4058.514,3697,3755,3669.15,3678.6,7118
MALUPAPER.NS,MALU PAPER MILLS,17.840909090909093,36.15,44,24,32.184,34.1685,34,37.75,34,34.7,353295
MANAPPURAM.NS,MANAPPURAM FINANCE,46.23608017817372,120.7,224.5,109,130.208,167.184,114.45,121.4,113.55,113.55,13826445
MANGALAM.NS,MANGALAM DRUGS & O,44.57984259964457,109.15,196.95,95.5,119.444,137.61826,103.95,110.4,102.7,102.4,41881
MANGLMCEM.NS,MANGALAM CEMENT,28.219278881530542,390.2,543.6,252.3,371.639,407.9415,392,396,387.65,387.6,20922
MANINDS.NS,MAN INDUSTRIES (IN,30.38749150237933,102.4,147.1,75.1,90.778,105.28475,99.25,112.9,99.05,95.7,967994
MARICO.NS,MARICO LTD,14.719433931216065,518.25,607.7,399,497.214,526.9307,507.55,520.7,506.3,503.7,1839854
MARINE.NS,Marine Electrical (I) Ltd,65.3252480705623,31.45,90.7,24.65,33.074,38.24425,31,31.7,30.85,30.85,182709
MARKSANS.NS,MARKSANS PHARMA LT,46.36270491803278,52.35,97.6,43.55,50.965,65.073,45.6,53.45,45.5,45.5,4662475
MASFIN.NS,MAS FINANCIAL SERV,44.262126961337295,543.5,975.1,460.3,566.523,706.25824,542.7,569.5,538.05,536.15,148761
MASKINVEST.NS,MASK INVESTMENTS L,33.39980059820539,33.4,50.15,21.3,35.386,36.64625,36.4,36.4,33.4,34.7,478
MATRIMONY.NS,MATRIMONY COM LTD,42.85596707818931,694.3,1215,661,753.141,932.5805,670,704.9,663,670.75,30162
MAXVIL.NS,MAX VENTURES & IND,32.57527226137091,105.25,156.1,53.15,109.388,110.4665,102.8,106.65,102.8,103.6,57896
MAYURUNIQ.NS,MAYUR UNIQUOTERS L,42.247567395118836,362.05,626.9,336.9,429.194,480.0815,358.15,384,358.15,357.95,185712
MAZDA.NS,MAZDA LTD,33.56796600039844,500.2,752.95,415,535.53,600.52924,492.95,503.7,489,490.1,3708
MAZDOCK.NS,Mazagon Dock Shipbuil Ltd,21.666666666666668,251.45,321,191.85,253.468,259.52426,241.3,252,240.2,239.7,269812
MBECL.NS,MCNALLY BHARAT ENG,58.68725868725869,5.35,12.95,4.95,7.149,7.714,5.3,5.35,5.1,5.1,265757
MCL.NS,Madhav Copper Limited,71.21495327102804,30.8,107,22.4,33.549,40.71775,30,31,29.8,29.7,40512
MCLEODRUSS.NS,MCLEOD RUSSEL INDI,44.252873563218394,24.25,43.5,18.05,25.318,28.0185,23.3,24.65,22.6,22.8,862582
MCX.NS,MULTI COMMODITY EX,32.39110070257611,1443.45,2135,1165,1402.676,1596.875,1415,1454,1415,1415.45,318199
METROPOLIS.NS,METROPOLIS HEALTHC,41.59054722198944,2091,3579.9,1804.05,2166.51,2781.9678,2035,2105.45,2035,2035.75,157778
MFSL.NS,MAX FINANCIAL SERV,32.55955751056138,774.25,1148.05,700,829.097,974.8235,751.5,777,751.5,753.9,520766
MGL.NS,MAHANAGAR GAS LTD,38.04500155714731,795.75,1284.4,680,777.54,975.2482,785,797.3,770.05,779.05,551093
MHRIL.NS,MAHINDRA HOLIDAYS,12.953271028037385,232.85,267.5,128.73334,212.345,214.93408,229,238.2,229,229.4,322181
MIDHANI.NS,MISHRA DHATU NIGAM,22.470137480279465,172,221.85,163.15,177.233,186.40375,166.5,174.4,166.1,165.65,618387
MINDTREE.NS,MINDTREE LTD,16.150197628458496,4242.8,5060,1951,3962.913,3963.1428,4302.9,4334,4231.1,4302.9,601930
MMFL.NS,M.M. FORGINGS,8.56020942408377,873.25,955,433.45,765.427,776.5643,855,879.3,832.45,845.75,10246
MODIRUBBER.NS,MODI RUBBER,40.87403598971722,69,116.7,60.15,72.084,76.8155,71.1,71.1,67,69.05,1981
MODISNME.NS,Modison Metals Limited,31.601525262154436,71.75,104.9,52.05,76.617,78.24925,67.65,72.55,66.45,66.3,59393
MOHOTAIND.NS,MOHOTA INDUSTRIES,45.081967213114744,6.7,12.2,5.95,6.949,8.096,7.15,7.2,6.6,6.7,28855
MOKSH.NS,Moksh Ornaments Limited,74.81602616516763,15.4,61.15,7.6,22.742,31.43265,15.15,15.4,14.8,14.7,195751
MOLDTECH.NS,MOLD-TEK TECHNOLO,23.28703703703704,82.85,108,38.3,78.687,80.12,80.05,83.7,80.05,80.7,29070
MOREPENLAB.NS,MOREPEN LABORATORI,43.26666666666667,42.55,75,31.8,43.551,53.234,36.8,43.4,36.7,36.55,7857160
MOTHERSUMI.NS,MOTHERSON SUMI SYS,48.598130841121495,140.25,272.85,119.55,154.511,208.46326,139.95,140.9,138.1,139.45,6880986
MOTILALOFS.NS,MOTILAL OSWAL FINA,24.58333333333333,895.95,1188,580,884.777,897.8348,865,900.8,858.05,869.95,142021
MPSLTD.NS,MPS LTD,22.760755184153517,623.9,807.75,493.8,638.843,671.562,588,630,585.05,589.95,13865
MRF.NS,MRF LTD,24.060308395202746,66485.2,87550,63000,67832.9,75693.34,65100,66650,65099.95,65022.1,7642
MRPL.NS,MANGALORE REF &PET,25.519031141868513,43.05,57.8,35.3,42.944,45.37175,41.6,43.3,41.6,41.6,1290198
MSTCLTD.NS,MSTC LIMITED,41.90959409594095,314.85,542,247.15,321.789,329.043,304.9,318.4,304.1,306.1,387533
MUKANDLTD.NS,MUKAND,6.865671641791045,156,167.5,81,130.314,134.3225,141.5,165.3,138.1,140.9,833764
MUNJALAU.NS,MUNJAL AUTO INDUST,40.79670329670329,43.1,72.8,40.05,48.301,55.97375,41,43.6,40.75,40.9,189841
MUNJALSHOW.NS,MUNJAL SHOWA,40.46391752577319,103.95,174.6,97.2,111.353,129.90025,99.45,107,98.5,97.95,124562
MURUDCERA.NS,MURUDESHWAR CERAMI,26.256983240223462,26.4,35.8,17.3,27.121,27.14425,25.6,26.9,25.55,25.25,96804
MUTHOOTCAP.NS,MUTHOOT CAPITAL SE,45.221774193548384,271.7,496,253.95,305.846,370.276,264.8,273,261.95,260.4,12669
MUTHOOTFIN.NS,MUTHOOT FINANCE LT,21.324660994802407,1354.75,1721.95,1121,1379.256,1484.7905,1335,1359,1331.15,1330.95,443040
NAM-INDIA.NS,NIPPON L I A M LTD,29.03767446741525,338.1,476.45,283.8,326.425,380.3255,345.5,346.4,336.5,347.65,803508
NATCOPHARM.NS,NATCO PHARMA LTD,34.65096719932716,777,1189,751.9,857.553,914.91174,759.95,799,756.9,756.15,717106
NATHBIOGEN.NS,NATH BIO-GENES (IN,52.33674438231881,225.9,473.95,191.85,229.298,294.46774,215.25,229,213.85,213.35,67669
NAUKRI.NS,INFO EDGE,38.39914806976183,4598.75,7465.4,4202.45,4585.528,5545.061,4531.95,4615,4471.45,4509.45,180839
NAVKARCORP.NS,NAVKAR CORPORATION,37.35159817351599,34.3,54.75,30.1,37.414,41.922,31.85,34.5,31.8,31.85,479039
NAVNETEDUL.NS,NAVNEET EDUCATION,22.788975730152206,93.85,121.55,72.7,88.75,97.63775,91.2,94.5,90.4,89.4,315162
NAZARA.NS,Nazara Technologies Ltd,50.57061978545888,1658.85,3356,1455.55,1895.93,2094.1965,1635,1667,1619.05,1638.3,96249
NBCC.NS,NBCC (INDIA) LTD,36.20401337792642,38.15,59.8,34.15,41.16,45.53,36.4,38.3,36.4,36.3,6597779
NBIFIN.NS,N.B.I. INDUSTRIAL,29.807812499999997,2246.15,3200,1625.45,2219.206,2391.2754,2268.95,2268.95,2225,2219.8,53
NCC.NS,NCC LTD,34.06091370558375,64.95,98.5,55.75,65.149,75.94825,61,65.5,61,58.55,18151383
NCLIND.NS,NCL INDUSTRIES,38.84243318576815,186.5,304.95,143.7,187.464,222.91875,177,188.75,177,177.75,247592
NDGL.NS,NAGA DHUNSERI GROU,41.01839080459771,1282.85,2175,680.5,1319.086,1403.9095,1257.6,1352,1257,1289.95,202
NECLIFE.NS,NECTAR LIFESCIENCE,44.88517745302714,26.4,47.9,18.7,29.29,30.6825,24.5,26.95,24.1,24.05,795048
NELCAST.NS,NELCAST LTD,37.568510214250125,62.65,100.35,58.5,72.309,81.0905,59.5,62.9,59.2,59,214892
NESCO.NS,NESCO LTD,15.284156142365099,590.3,696.8,465,552.717,593.25726,545.15,604.9,545.15,552.5,700041
NESTLEIND.NS,NESTLE INDIA,14.80871360536461,17557.2,20609.15,16255,17889.49,18744.31,17380.55,17607.7,17250,17380.55,31155
NEULANDLAB.NS,NEULAND LABORITIE,61.84608353255519,1085.25,2844.4,994.55,1198.686,1597.6377,1039,1109.95,1037,1029.15,62315
NEWGEN.NS,NEWGEN SOFTWARE,36.17218543046358,481.9,755,290.1,528.959,582.139,467,485,467,465.65,142165
NEXTMEDIA.NS,NEXT MEDIAWORKS LT,56.76855895196506,4.95,11.45,3.55,6.248,6.312,4.7,4.95,4.55,4.75,9514
NFL.NS,NATIONAL FERTI.LTD,21.506105834464044,57.85,73.7,41.05,50.945,55.26275,52.9,59.3,52.45,53.05,11106231
NHPC.NS,NHPC LTD,24.831309041835347,27.85,37.05,23.4,28.832,29.1375,27.8,28.4,27.55,27.8,10697922
NIACL.NS,THE NEW INDIA ASSU,37.486338797814206,114.4,183,110.05,125.174,147.6655,112.5,114.9,111.5,111.65,451062
NILKAMAL.NS,NILKAMAL LTD,34.227987421383645,2091.55,3180,1813.85,2198.92,2454.7017,2047,2118.75,2035.85,2028.3,3301
NIPPOBATRY.NS,INDO NATIONAL LTD,36.954148471615724,404.25,641.2,346.3,438.826,480.44824,390.25,408.8,387.5,390.3,5678
NIRAJ.NS,Niraj Cement Struc Ltd,46.243291592128806,30.05,55.9,25.65,30.7,37.9355,30.3,30.55,29.15,29.8,12118
NMDC.NS,NMDC LTD,21.880863039399618,166.55,213.2,125,149.105,151.16475,163.75,166.95,163.3,162.55,12049219
NOCIL.NS,NOCIL LTD,22.206660441954565,249.95,321.3,161.9,217.409,250.69975,249,252.6,242.35,248.9,1916450
NOVARTIND.NS,NOVARTIS INDIA,43.442622950819676,621,1098,558.05,672.428,793.493,596.2,625.2,589.25,589.7,34616
NRAIL.NS,NR AGARWAL IND,22.35913055517098,280.4,361.15,193.85,246.302,273.122,268.7,285,266.3,266.3,106796
NRBBEARING.NS,NRB BEARINGS,36.63679493937796,120.2,189.7,96.5,133.922,142.706,115.25,121.25,115.25,115,189413
NSIL.NS,NALWA SONS INVEST,20.76708282371403,1716.7,2166.65,1075,1624.108,1678.2393,1749.85,1785.55,1699.25,1769.85,1522
NUCLEUS.NS,NUCLEUS SOFTWARE,42.969973890339425,436.85,766,402.1,488.782,562.132,416.9,440,416.05,414.2,54150
NURECA.NS,Nureca Limited,39.69978401727862,1395.95,2315,601.5,1504.427,1624.997,1375,1419,1368,1368.15,15820
NXTDIGITAL.NS,NXTDIGITAL LIMITED,32.220070990642135,420.1,619.8,333.3,406.362,423.2375,395.05,422.65,395.05,402.3,9646
OAL.NS,Oriental Aromatics Limite,34.763636363636365,717.6,1100,564.6,668.832,799.3137,709.9,729,704.1,704.1,12274
OCCL.NS,ORIENTAL CARB & CH,37.60858070851273,826,1323.9,766,853.471,993.176,809.2,840,800.5,798,3825
OFSS.NS,ORACLE FIN SERVICE,30.27113702623906,3587.55,5145,3172.45,3531.857,4133.3774,3580,3663.95,3575,3587.75,103160
OISL.NS,OCL IRON & STEEL L,21.27659574468085,1.85,2.35,1.85,1.85,1.85975,1.85,1.9,1.85,1.85,26878
OMAXAUTO.NS,OMAX AUTOS LTD,38.30508474576271,45.5,73.75,36.95,49.816,50.8605,43.55,46.65,43,42.45,24331
ONELIFECAP.NS,ONELIFE CAPITAL AD,57.904411764705884,11.45,27.2,5.6,13.614,15.161,11.75,11.85,11,11.55,28535
OPTOCIRCUI.NS,OPTO CIRCUITS IND,59.649122807017555,2.3,5.7,2.3,2.715,3.30975,2.4,2.4,2.3,2.3,90217
ORCHPHARMA.NS,Orchid Pharma Limited,88.71809362343413,299.45,2654.25,265,315.191,448.05026,297,299.45,296,285.2,8454
ORIENTABRA.NS,ORIENT ABRASIVES,26.08158220024723,29.9,40.45,19.2,29.341,29.69175,29.8,30.5,29.45,29.6,145658
ORIENTCEM.NS,ORIENT CEMENT LTD,19.805982215036376,148.8,185.55,96.2,153.955,157.617,142.5,149.3,142.5,142.3,374921
ORIENTELEC.NS,ORIENT ELECTRIC LT,21.017156862745097,322.25,408,263.5,329.33,342.52426,320,327.95,317.05,321.25,133160
ORIENTLTD.NS,ORIENT PRESS LTD,36.655817737998376,77.85,122.9,53.1,72.28,73.206,65.85,77.85,62.5,64.9,65264
ORIENTPPR.NS,ORIENT PAPER & IND,10.913705583756338,35.1,39.4,21.35,31.051,31.2005,34.15,36.2,34,34.35,5506398
ORISSAMINE.NS,ORISSA MINERALS DE,19.217517096265126,3071.35,3802,2200,2727.257,2772.204,2859.9,3100,2849.2,2849.45,80239
ORTINLAB.NS,Ortin Laboratories Ltd,48.803827751196174,26.75,52.25,19.3,27.587,30.52375,23.15,27.1,22.6,22.6,608447
PAEL.NS,PREMIER AUTO ELECT,51.18110236220472,6.2,12.7,4.65,5.582,6.486,6.45,6.75,6.2,6.45,33696
PAISALO.NS,PAISALO DIGITAL LT,32.287839020122476,773.95,1143,560,688.062,764.0885,797,814,762.2,791.75,128031
PANACEABIO.NS,PANACEA BIOTEC LTD,65.34521158129175,155.6,449,147.95,198.69,250.083,150,155.6,150,148.2,37578
PANACHE.NS,Panache Digilife Limited,45.938818565400844,51.25,94.8,39.9,56.691,62.572,51.75,51.8,50.5,50.4,4425
PANAMAPET.NS,PANAMA PETROCHEM L,16.666666666666668,277.5,333,135,261.948,265.94025,265,280,265,265.2,113626
PARACABLES.NS,PARAMOUNT COMMUNIC,59.01639344262294,10,24.4,8.15,12.349,13.48225,9.8,10.15,9.8,9.7,536452
PARAGMILK.NS,PARAG MILK FOODS,37.148217636022515,100.5,159.9,95,104.706,122.8895,96.6,102,96.6,96.75,638140
PARSVNATH.NS,PARSVNATH DEVELOPE,41.98895027624309,15.75,27.15,7,16.633,16.9085,14.7,15.75,14.7,15,214251
PATINTLOG.NS,PATEL INTEGRATED L,55.78125000000001,14.15,32,12.5,15.707,18.942392,12.9,14.15,12.85,12.9,107796
PCJEWELLER.NS,PC JEWELLER LIMITE,24.837662337662344,23.15,30.8,18.55,22.372,24.87575,21.1,23.8,21.1,20.9,5127555
PDMJEPAPER.NS,PUDUMJEE PAPER PRO,20.530451866404707,40.45,50.9,21.5,38.202,39.8285,39.4,41,38.4,38.85,333163
PDPL.NS,PARENTERAL DRUG,22.580645161290327,3.6,4.65,2.5,3.903,3.9995,3.8,3.9,3.6,3.6,10000
PEL.NS,PIRAMAL ENTERPRISE,26.010381598368127,2230.75,3014.95,1607.1,2227.371,2496.6646,2190,2236,2185,2186.9,677055
PENINLAND.NS,PENINSULA LAND LTD,40.35989717223651,11.6,19.45,6.35,13.255,13.3695,11.4,11.7,10.9,11.25,125921
PETRONET.NS,PETRONET LNG,21.292624900872323,198.5,252.2,190.25,209.037,221.382,194,198.9,194,193.75,2287573
PFC.NS,POWER FINANCE CORP,24.422764227642272,116.2,153.75,104.1,115.789,126.11375,112.5,116.5,112.5,112.6,3918364
PFIZER.NS,PFIZER LTD,29.570040485829956,4349.05,6175,4180,4430.096,5179.9653,4350.05,4380.95,4344,4348.15,32992
PFS.NS,PTC INDIA FINANCIA,34.68208092485549,16.95,25.95,15,17.314,18.9665,15.7,17.1,15.7,15.6,2067809
PGHL.NS,PROCTER & GAMBLE HEALTH L,36.642335766423365,4166.4,6576,3991.65,4647.939,5205.9624,4022,4205.05,3991.65,4002.4,38941
PIIND.NS,PI INDUSTRIES,19.129254010014435,2858.7,3534.9,2201.85,2587.862,2938.4666,2840,2872.85,2800,2819.65,264712
PILANIINVS.NS,PILANI INVESTMENT,22.29555555555556,1748.35,2250,1589.95,1755.592,1877.041,1709.95,1768,1691.85,1694.95,3060
PIONEEREMB.NS,PIONEER EMBROID LT,36.82559598494354,50.35,79.7,38.3,54.353,59.881,48.45,51.7,48,47.55,172920
PKTEA.NS,PERIA KARAMALAI TE,20.7586386074305,305,384.9,190.1,273.446,304.1955,305,305,305,312.7,42
PLASTIBLEN.NS,PLASTIBLENDS INDIA,32.51633986928105,206.5,306,193.1,222.026,247.636,195.1,207.95,195.1,198.2,27401
PNB.NS,PUNJAB NATL BANK,24.585062240663905,36.35,48.2,31.75,37.463,39.16975,35.1,36.45,35,35.05,53860529
PNBGILTS.NS,PNB GILTS,34.389857369255154,62.1,94.65,49.15,63.576,67.26325,59.8,62.5,59.7,59.6,240583
PNBHOUSING.NS,PNB HOUSING,57.64324324324325,391.8,925,350,412.443,563.809,376,392.8,375.95,376.85,243931
PNCINFRA.NS,PNC INFRATECH LTD,34.642586511745385,258.75,395.9,217.2,267.469,304.65024,261,265,258,259.15,382000
PODDARMENT.NS,PODDAR PIGMENTS,29.676155353232684,305.1,433.85,187,292.549,318.48126,297.1,306,297.1,296.7,8364
POLYMED.NS,POLY MEDICURE LTD,19.922746781115883,932.9,1165,685.6,823.237,918.8057,945,947.95,925.9,949.5,46347
PONNIERODE.NS,PONNI SUGARS ERODE,37.13157894736842,238.9,380,145.3,244.465,251.21425,235,243.4,234.9,230.15,18856
POWERMECH.NS,POWER MECH PROJECT,20.406392694063932,871.55,1095,541.55,897.672,903.18726,841.9,879.75,830.3,835.75,19230
PPAP.NS,PPAP AUTOMOTIVE LT,39.90866234531526,203.95,339.4,173.65,218.055,238.59975,190.25,205.85,190.25,190.15,14884
PRAENG.NS,PRAJAY ENGINEERS S,44.76650563607086,17.15,31.05,7.25,18.228,19.238,16.1,17.15,16.1,16.35,35658
PRAKASH.NS,PRAKASH INDUSTRIES,26.921241050119335,76.55,104.75,50.1,64.369,67.169,76,78.3,75.5,76,3161411
PRINCEPIPE.NS,Prince Pipes Fittings Ltd,27.736900780379038,648.2,897,414.5,661.941,701.41125,635,664,635,634.25,335014
PROZONINTU.NS,PROZONE INTU PROPE,60.24844720496895,22.4,56.35,14.15,26.447,29.372,21.5,22.4,21.45,21.35,323032
PRSMJOHNSN.NS,PRISM JOHNSON LTD,24.781250000000004,120.35,160,109.9,124.663,128.88824,115.75,121.05,114.8,115.2,401106
PSB.NS,PUNJAB & SIND BANK,30.176211453744493,15.85,22.7,14.5,16.134,17.3515,15.55,16,15.45,15.45,374546
PTC.NS,PTC INDIA LTD,40.3393351800554,86.15,144.4,77.95,87.644,103.88525,82.7,86.45,82.45,82.25,1278559
PUNJABCHEM.NS,PUNJAB CHEM&CROP,25.334850287014536,1443.8,1933.7,839.75,1434.634,1487.7932,1477,1498.9,1404.95,1459.35,14956
PURVA.NS,PURAVANKARA LTD,34.38438438438438,109.25,166.5,63.8,120.166,123.15175,107.45,109.9,106.5,106.7,159528
QUESS.NS,QUESS CORP LTD,32.947772502272954,663.75,989.9,527.4,639.389,804.125,659.7,676.9,653.1,659.05,342300
QUICKHEAL.NS,QUICK HEAL TECHNOL,41.47068046409532,186.65,318.9,170.5,194.016,230.65875,177.7,188.9,177.7,177.5,121052
RADICO.NS,RADICO KHAITAN,30.93508500772797,893.7,1294,494,945.856,980.841,891.8,899,880.85,887.95,325426
RADIOCITY.NS,MUSIC BROADCAST,12.837837837837839,25.8,29.6,21.85,23.92,24.26425,25.85,26.4,25.55,25.8,1184380
RAILTEL.NS,Railtel Corp of Ind Ltd,47.75212636695018,86,164.6,84,99.912,121.32275,84.5,86.65,84.5,84.1,1530909
RAIN.NS,RAIN INDUSTRIES LT,25.719523373052247,202.6,272.75,145.4,204.437,220.874,193.95,203.65,193.2,194,2038170
RAJRATAN.NS,Rajratan Global Wire Ltd,82.32892881733827,538.95,3049.9,435,1560.3088,1977.7675,529,541.45,516.3,515.7,35512
RALLIS.NS,RALLIS INDIA LTD,32.460011031439606,244.9,362.6,227.3,247.03,276.744,238,246,238,238.05,308071
RAMANEWS.NS,SHREE RAMA NEWSPRI,36.101083032490976,17.7,27.7,13.4,18.654,19.77525,17,17.95,17,17.05,139314
RAMCOCEM.NS,RAMCO CEMENTS(THE),31.716253200317823,773.45,1132.7,690.45,803.413,964.9885,771.7,775,761.5,768.05,416240
RAMCOIND.NS,RAMCO INDUSTRIES,40.09273148779489,219.65,366.65,200,228.394,271.0755,211.85,222.7,211.85,210.8,55878
RAMCOSYS.NS,RAMCO SYSTEMS,59.08330301927974,281.2,687.25,262,333.187,446.67426,265,285,265,264.25,193104
RANEENGINE.NS,RANE ENGINE VALVES,34.76966873706004,252.05,386.4,235.95,265.793,286.25174,243.85,254.7,241.5,239.45,7874
RANEHOLDIN.NS,RANE HOLDINGS LTD,23.564356435643568,598.3,782.75,543,597.34,624.18225,592.55,602,587,589.3,11464
RBL.NS,RANE BRAKE LINING,49.00330851943756,616.55,1209,577,705.291,832.7388,619.95,622.55,605.55,612.05,31257
RBLBANK.NS,RBL BANK LIMITED,39.48763250883392,137,226.4,118.1,137.832,173.2185,130,137.7,129.7,130.2,16260971
RCF.NS,RASHTRIYA CHEM & F,1.816294758692268,94.6,96.35,66,77.507,78.065,88.5,96.35,88.25,89.45,28316062
RCOM.NS,RELIANCE COMM LTD,45.54455445544554,2.75,5.05,1.5,3.157,3.237,2.7,2.75,2.65,2.65,8132217
RECLTD.NS,REC LTD,24.87414865265028,126.85,168.85,116.6,128.297,141.943,123.1,127.2,122.9,123.05,6991235
REFEX.NS,REFEX INDUSTRIES L,28.95040369088812,123.2,173.4,88,126.493,135.52,120.6,124,119.05,119.3,61987
RELAXO.NS,RELAXO FOOTWEARS,25.1139502762431,1084.35,1448,841,1201.825,1236.4552,1070,1086.55,1068,1066.35,168776
RELCAPITAL.NS,RELIANCE CAPITAL,43.06688417618271,17.45,30.65,9.3,14.407,17.09525,17.1,17.45,16.65,16.65,3582141
RELIGARE.NS,RELIGARE ENTERPRIS,33.701232032854215,129.15,194.8,82.05,123.269,146.09175,130,131.5,127.75,130.2,454101
REMSONSIND.NS,REMSONS INDS,38.43342866221798,193.75,314.7,136.9,206.399,226.16576,183.9,200,182,181.05,9444
REPCOHOME.NS,REPCO HOME FIN LTD,56.76744186046512,185.9,430,165.5,220.355,287.32825,179,188.3,178.4,176.4,182602
REPL.NS,Rudrabhishek Enterp Ltd,21.107142857142854,220.9,280,186,221.653,224.316,218,223,218,214.25,25295
REPRO.NS,REPRO INDIA LTD,40.41519434628976,404.7,679.2,326.15,456.43,491.8795,402.7,416.95,398.85,396.05,5762
RICOAUTO.NS,RICO AUTO INDS,46.31410256410256,33.5,62.4,31.3,38.455,45.227,32,33.95,31.8,31.65,519375
RITES.NS,RITES LTD,17.72569990563069,261.55,317.9,232.2,257.37,271.117,260.2,262.95,259,262.5,98173
RKDL.NS,RAVI KUMAR DISTILL,47.96954314720812,10.25,19.7,7,10.023,11.6685,10.2,10.25,9.55,9.8,16404
RKFORGE.NS,RAMKRISHNA FORGINS,87.12698412698413,162.2,1260,154.56,583.9524,862.6556,160.4,163.85,159.2,157.4,274767
RML.NS,RANE(MADRAS)LTD,25.59670781893004,361.6,486,311.25,370.396,379.58426,357.65,365.05,353,350.95,14188
ROLLT.NS,ROLLATAINERS LTD,54.347826086956516,2.1,4.6,1.85,2.802,2.969,2.05,2.1,2,2,564558
ROLTA.NS,ROLTA INDIA,46.268656716417915,5.4,10.05,3.35,6.37,6.3975,5.15,5.4,5.15,5.15,170447
ROML.NS,Raj Oil Mills Limited,55.80312603924177,66.45,150.35,51.1,71.4,79.93775,67.4,67.5,65,65.1,10477
ROSSARI.NS,Rossari Biotech Limited,41.38357010500309,949,1619,890,1043.991,1272.0463,916.35,955.85,912,911.6,79941
ROSSELLIND.NS,ROSSELL INDIA LTD,12.688679245283021,185.1,212,98.25,147.364,154.73676,196.4,200,184,195.15,131390
ROUTE.NS,ROUTE MOBILE LIMITED,34.43281707827542,1566.4,2389,1395,1594.314,1856.188,1545,1592.6,1545,1542.3,206469
RPGLIFE.NS,RPG LIFE SCIENCES,22.12107116751944,586,752.45,360.35,559.233,581.0142,563,589.8,563,560.45,30061
RPPINFRA.NS,R.P.P.INFRA PROJEC,56.95652173913044,44.55,103.5,41.15,53.403,63.62819,42,45,41.6,41.4,267997
RPSGVENT.NS,RPSG VENTURES LIMITED,46.09136169097738,617.2,1144.9,321,643.053,722.7185,589.05,620,588.95,585.3,40260
RTNINDIA.NS,RATTANINDIA ENT LIMITED,33.098591549295776,47.5,71,4.55,48.295,49.16475,46.3,47.9,46.3,46.15,1153206
RUCHI.NS,RUCHI SOYA INDUSTRIES LTD,31.93869397835404,937,1376.7,634,861.862,970.956,954,954.45,892,957.85,1555739
S&SPOWER.NS,S & S POWER SWITCH,36.09314359637775,24.7,38.65,18.35,24.495,25.8605,23.6,24.7,22.5,23.6,1540
SABTN.NS,SRI ADHIKARI BROS,31.481481481481485,1.85,2.7,1.55,2.194,2.23025,1.85,1.85,1.85,1.8,714
SADBHAV.NS,SADBHAV ENGINEERIN,70.25906735751295,28.7,96.5,24,33.162,48.0915,26.5,29,26.5,26.45,1014981
SADBHIN.NS,SADBHAV INFRA PROJ,77.40384615384616,9.4,41.6,8.4,11.834,17.687,9.1,9.45,8.85,9,880475
SAGCEM.NS,SAGAR CEMENTS,19.842271293375397,254.1,317,141,239.305,259.7576,244.6,262.65,244.6,246.35,147982
SAIL.NS,STEEL AUTHOR INDIA,32.485128883013886,102.15,151.3,83.45,98.724,113.5485,99,102.5,98.8,98.55,31310796
SAKHTISUG.NS,SAKTHI SUGAR,38.56209150326797,14.1,22.95,9,15.475,16.036,13.6,14.1,13.35,13.45,54719
SALASAR.NS,SALASAR TECHNO ENG,41.263440860215056,218.5,372,182.675,232.715,271.7575,218,220,215,212.35,43954
SANDESH.NS,SANDESH,38.31013183368674,669.15,1084.7,625.2,705.089,779.00073,644.1,674,644.1,653.95,3443
SANDHAR.NS,SANDHAR TECHNOLOGI,31.636636636636638,227.65,333,174.5,229.711,261.8105,221.6,228.1,219.2,218.75,21198
SANGHIIND.NS,SANGHI INDUSTRIES,45.05300353356891,46.65,84.9,40.05,50.201,60.9195,43.95,46.8,43.8,43.85,1000845
SANGINITA.NS,Sanginita Chemicals Limit,53.28389830508474,22.05,47.2,18.05,23.846,26.92,21,22.1,21,20.9,25303
SANOFI.NS,SANOFI INDIA LTD,19.68497576736672,7457.25,9285,6945,7316.276,7883.601,7530,7571.6,7450,7499.45,33866
SASKEN.NS,SASKEN TECHNOLOGIE,37.93770491803278,946.45,1525,843,960.566,1202.6222,921.9,957.8,914.55,917.3,10599
SATHAISPAT.NS,SATHAVAHANA ISPAT,24.999999999999993,2.85,3.8,2.85,3.429,3.49,3,3,2.85,2.85,352116
SBICARD.NS,SBI CARDS & PAYMEN,25.19742489270386,871.45,1165,712.25,828.157,969.7698,855,873.8,850.4,851.7,548926
SBILIFE.NS,SBI LIFE INSURANCE,13.910690121786203,1113.35,1293.25,864.8,1121.078,1147.6433,1119,1120.8,1089,1121.45,1519091
SCHAND.NS,S CHAND AND COMPAN,30.70945945945946,102.55,148,90.05,107.792,116.4355,98.65,103.1,98.35,96.85,134623
SCHNEIDER.NS,SCHNEIDER ELECTR,15.800203873598369,123.9,147.15,87.3,111.938,115.42575,118.55,125.8,117.25,118.55,1209881
SCI.NS,SHIPPING CP INDIA,26.217228464419467,118.2,160.2,93.15,117.701,122.871,115.9,119.35,115.65,115.35,1079476
SECURKLOUD.NS,SECUREKLOUD TECH LIMITED,64.82051282051282,85.75,243.75,78.3,106.208,132.17975,82.2,88.35,82.2,83.1,55781
SEQUENT.NS,SEQUENT SCIENTIFIC,57.04309063893017,144.55,336.5,120.95,142.685,198.255,133.9,146.25,133.85,133.8,5217217
SESHAPAPER.NS,SESHASAYEE PAPER&B,21.700174825174827,179.15,228.8,133.6,154.715,172.1455,174,182.9,174,174.55,254164
SETCO.NS,SETCO AUTOMOTIVE,40.27777777777777,15.05,25.2,13.5,15.866,18.16675,13.8,15.2,13.8,13.85,237040
SEYAIND.NS,Seya Industries Limited,56.470588235294116,37,85,34.7,46.847,56.822,36.7,37.05,35.3,35.3,43819
SHAKTIPUMP.NS,SHAKTI PUMPS INDIA,45.53846153846154,495.6,910,454,534.134,655.22,461.8,502,461.8,459.15,229636
SHALBY.NS,SHALBY LTD,43.58675373134328,120.95,214.4,104.95,130.687,158.978,117,121.45,117,117,101685
SHEMAROO.NS,SHEMAROO ENTERTAIN,22.57529704338215,140.1,180.95,64.35,121.673,130.02925,138,143.7,132.8,135.4,73601
SHIL.NS,Somany Hom Innovation ltd,24.375902620177428,366.55,484.7,252,385.636,394.295,364.8,369.3,362.95,363.1,67491
SHILPAMED.NS,SHILPA MEDICARE,38.31294749403341,413.55,670.4,330,447.905,546.74,398.4,419,397,398.2,176517
SHIRPUR-G.NS,SHIRPUR GOLD REFIN,28.260869565217394,4.95,6.9,4.95,4.95,5.2055,5.1,5.45,4.95,4.95,29584
SHK.NS,S H KELKAR AND COM,29.742106531694382,145.75,207.45,110.05,148.202,156.8495,143.05,146.2,140.3,143.55,167130
SHREDIGCEM.NS,SHREE DIGVIJAY CEMENT,27.198364008179954,71.2,97.8,47.1,68.237,77.79825,69.45,71.6,69.05,69.2,365805
SHREECEM.NS,SHREE CEMENT LTD,23.200043684473293,24612.85,32048,21650,23948.252,26843.455,23995,24651,23951.05,24032.6,34911
SHREYANIND.NS,SHREYANS INDUSTRIE,17.072368421052634,126.05,152,79,108.88,115.34425,119.85,127.4,119.1,119.25,84250
SHRIPISTON.NS,SHRIRAM PISTONS &,36.07182940516274,712,1113.75,672.65,750.377,874.927,705.05,739,700,705.05,500
SHRIRAMCIT.NS,SHRIRAM CITY UNION,34.67332820906994,1699.8,2602,1370,1662.281,1912.471,1632.15,1715,1622.1,1624.1,46802
SIL.NS,STANDARD INDS,39.42307692307693,12.6,20.8,11.45,13.422,15.17725,12.35,12.6,12.35,12,28131
SILGO.NS,Silgo Retail Limited,37.68115942028986,27.95,44.85,24.65,29.673,38.244,28.85,29.2,25,28.9,136040
SIMBHALS.NS,SIMBHAOLI SUGARS L,47.13160854893139,23.5,44.45,7.05,22.031,25.60775,22.1,23.5,22.1,22.4,83212
SIMPLEXINF.NS,SIMPLEX INFRASTRUC,11.415929203539827,50.05,56.5,27.7,42.08,43.2105,50.05,50.05,50.05,47.7,89431
SKIL.NS,SKIL INFRASTRUCTUR,46.42857142857142,3,5.6,2.25,3.196,3.46375,3.1,3.4,3,3,309734
SKIPPER.NS,SKIPPER LTD,40.36603965429588,58.65,98.35,49.5,67.104,77.1395,55.1,59.9,54.7,54.4,202683
SKMEGGPROD.NS,SKM EGG PRODUCTS,35.47738693467336,64.2,99.5,42.15,68.446,77.42575,62.45,64.8,61.9,61.2,69868
SMCGLOBAL.NS,SMC Global Securities Ltd,22.38663484486874,81.3,104.75,65.8,77.021,78.67175,79.95,82.9,78.1,78.25,188238
SMLISUZU.NS,SML ISUZU LTD,30.57988165680473,586.6,845,430,560.471,605.36975,509.9,594.6,501.4,495.5,299518
SMSLIFE.NS,SMS LIFESCIENCES,30.510293687188994,712.2,1024.9,470,713.178,762.3955,709.45,715,700.95,699.25,1162
SMSPHARMA.NS,SMS PHARMACEUTICAL,48.239436619718305,102.9,198.8,81.1,108.545,142.12476,93.9,104,93.9,93.5,194359
SNOWMAN.NS,SNOWMAN LOGISTICS,45.47738693467337,32.55,59.7,30.4,35.379,42.01,30.85,32.75,30.65,30.55,847751
SOLARA.NS,SOLARA ACTIVE PHAR,62.380709158848354,699.7,1859.95,606,777.11,1262.739,672.8,722.2,669.4,666.1,138337
SOMANYCERA.NS,SOMANY CERAMICS LD,34.97422680412371,630.75,970,406.5,750.585,763.37024,633.95,638.6,599.7,648.3,93918
SOMATEX.NS,SOMA TEXTILE & IND,45.45454545454545,7.5,13.75,4.55,7.747,8.5415,7.05,7.65,7.05,7.3,20389
SOMICONVEY.NS,SOMI CONVEYOR BELT,47.472527472527474,35.85,68.25,30.1,39.876,47.20675,34.65,36.5,33.05,33.2,28247
SONATSOFTW.NS,SONATA SOFTWARE,26.661137671968007,751.65,1024.9,513.5,777.01,826.26324,739.05,764.6,736,739.4,131732
SORILINFRA.NS,SORIL INFRA RESOUR,58.91430146045743,74.55,181.45,67.55,87.4,108.92725,71.7,74.8,70,70.25,57536
SOTL.NS,SAVITA OIL TECHNOL,39.96994535519126,1098.55,1830,932,1078.103,1317.5775,1060,1099.95,1060,1051,9273
SOUTHBANK.NS,SOUTH INDIA BANK,43.727598566308245,7.85,13.95,7.45,8.282,9.60425,7.55,7.9,7.5,7.5,7407154
SPANDANA.NS,Spandana Sphoorty Fin Ltd,51.61585365853659,396.75,820,323,369.128,508.395,333,398.25,332.95,331.9,1994509
SPENCERS.NS,SPENCERS RETAIL,41.683991683991685,84.15,144.3,65.7,86.691,102.77675,80.4,85.25,80.4,80.35,361735
SPICEJET.NS,SPICEJET LTD,34.7651775486827,56.95,87.3,53.25,59.94,69.466,54.5,57.5,54.5,54.4,5223341
SREEL.NS,SREELEATHERS LTD,18.424369747899156,194.15,238,135.25,175.779,178.5535,191,201.8,191,197.75,26091
SREINFRA.NS,SREI INFRASTRUCTUR,70.84468664850137,5.35,18.35,3.7,5.638,7.30925,5.2,5.35,5.2,5.1,356820
SRIPIPES.NS,SRIKALAHASTHI PIPE,18.993963782696174,201.3,248.5,139.95,195.558,203.376,200.3,204.25,200,200.8,75969
SRTRANSFIN.NS,SHRIRAM TRANSPORT,30.361353454373976,1181.35,1696.4,1002,1159.297,1322.1772,1135,1199,1127.9,1134.85,894522
SSWL.NS,STEEL STRIPS WHEEL,13.117851307189545,850.75,979.2,322.5,772.009,797.88776,819,850.75,815.3,810.25,95253
STAMPEDE.NS,STAMPEDE CAPITAL,22.22222222222223,0.7,0.9,0.6,0.763,0.81,0.65,0.7,0.65,0.65,116933
STAR.NS,STRIDES PHARMA SCI,62.86694825765576,351.65,947,304.2,357.208,528.67474,346.6,353.45,346.6,346.6,673463
STARCEMENT.NS,STAR CEMENT LTD,23.374999999999996,91.95,120,85.5,92.144,101.22225,90.8,92.2,90,89.6,117234
STARPAPER.NS,STAR PAPER MILLS,5.228398458998349,172.2,181.7,108.35,136.4,143.11075,158.3,174.5,158.3,158.9,1519786
STCINDIA.NS,STATE TRD CORP IND,27.989913544668592,99.95,138.8,66.75,101.443,104.558,97.85,101.25,97.85,97.15,62787
STEL.NS,STEL HOLDINGS LTD,43.7962962962963,121.4,216,71.5,134.645,145.89125,113.5,123.5,113.5,114.9,32932
STERTOOLS.NS,STERLING TOOLS,43.062389293446174,144.65,254.05,129.95,159.389,188.18225,136.95,147,136.15,135.65,34235
STLTECH.NS,STERLITE TECHNOLOGIES LTD,28.537735849056602,227.25,318,170.05,200.558,260.73676,226.25,230.95,225.85,224.45,616643
STOVEKRAFT.NS,Stove Kraft Limited,45.170680074093674,621.6,1133.7,450.95,711.551,870.62225,617,625,615.3,613.95,162117
SUBEXLTD.NS,Subex Ltd,52.08333333333334,35.65,74.4,30.4,39.573,50.8035,32.45,36.3,32.15,32.15,11764091
SUDARSCHEM.NS,SUDARSHAN CHEMICAL,32.63853904282115,534.85,794,505,560.314,618.8837,523.95,540,522.65,520.95,98432
SUMICHEM.NS,Sumitomo Chemical Ind Ltd,5.599043270276147,434.15,459.9,278.1,391.793,396.74426,451.5,455.95,431.35,448.5,981617
SUMMITSEC.NS,SUMMIT SECURITIES,30.96681922196796,603.35,874,475,653.935,683.5817,604.9,605,596.15,595.35,5336
SUNDARMFIN.NS,SUNDARAM FINANCE L,28.589226823012094,1948.8,2729,1752.6,2040.922,2369.0635,1911.1,1966,1911.1,1940.2,23938
SUNDARMHLD.NS,SUNDARAM FINANCE H,23.389651531151006,72.55,94.7,58.39403,77.013,79.0795,70.3,73.1,70.1,69.3,105869
SUNDRMBRAK.NS,SUNDARAM BRAKE LIN,27.64849969381506,354.45,489.9,308.65,376.965,397.29724,345.6,360,341.1,341.1,9679
SUNFLAG.NS,SUNFLAG IRON & STE,31.660631143300577,66.05,96.65,57.1,71.686,77.787,62.95,67.45,62.95,62.95,378741
SUNTV.NS,SUN TV NETWORK LTD,18.562091503267975,498.4,612,425,476.32,513.8472,489.4,502.75,488.05,489.85,797000
SUPRAJIT.NS,SUPRAJIT ENG LTD,22.446830911770892,368.3,474.9,241.6,347.798,357.354,342.9,379.8,339.35,342.2,964661
SUPREMEIND.NS,SUPREME INDUSTRIES,24.297486914881773,2039.35,2693.9,1872.6,2028.424,2182.6648,2028.6,2053,2016,2047.2,82578
SUPREMEINF.NS,SUPREME INFRASTRUC,63.59516616314199,12.05,33.1,12,19.586,19.62225,12,13.2,12,12.6,177640
SURYAROSNI.NS,SURYA ROSHNI,51.250864652985925,422.85,867.4,340,446.122,564.4235,415.55,427.85,415.05,413.45,94758
SURYODAY.NS,Suryoday Small Fin Bk Ltd,65.76017521445519,93.8,273.95,87,121.714,161.5655,88.05,95.8,87.7,87.75,777258
SUULD.NS,Suumaya Lifestyle Limited,72.53172287439779,101.2,368.425,87.375,124.09,187.61626,101.2,101.2,101.2,96.4,180022
SUVEN.NS,SUVEN LIFE SCIENCE,23.623945359582166,95.05,124.45,71.8,84.283,90.48275,90.85,98.4,90.85,92.7,2297103
SUVIDHAA.NS,Suvidhaa Infoserve Ltd,91.56626506024095,8.4,99.6,7.5,10.366,15.73675,8.35,8.4,8,8,90402
SWARAJENG.NS,SWARAJ ENGINES,32.3125,1353.75,2000,1291.55,1407.473,1634.3435,1313.9,1355,1305.8,1307.35,7064
SWSOLAR.NS,Sterling & Wilson So Ltd,34.73777253977608,332.25,509.1,220.05,344.047,355.01376,320,334.9,319,318.05,996693
SYNGENE.NS,SYNGENE INTERNATIO,14.671428571428576,597.3,700,515,570.324,598.4363,592.6,602.45,592.6,597.6,168654
TAINWALCHM.NS,TAINWALA CHEMICALS,44.83033932135729,69.1,125.25,54.5,68.057,75.91825,67.35,73.1,67.35,68.7,14471
TAKE.NS,TAKE SOLUTIONS,58.57908847184987,30.9,74.6,25.05,34.744,47.92375,29.15,31.2,29,29,1817872
TARC.NS,Anant Raj Global Limited,37.44855967078189,38,60.75,25.2,42.03,43.84975,36.9,38.85,36.55,36.6,653596
TARMAT.NS,TARMAT LIMITED,36.710794297352344,62.15,98.2,43.1,63.026,67.047,61.25,63.3,59.5,59.95,31999
TASTYBITE.NS,TASTY BITE EATABLE,48.746451342672316,11012.85,21487,10451.25,11961.766,15370.006,10999,11070,10900,10822.5,901
TATACOFFEE.NS,TATA COFFEE,14.131289308176108,218.45,254.4,114,203.4,207.20474,217,221.5,216.55,216.8,1966947
TATACOMM.NS,TATA COMMUNICATION,22.16150004711203,1239.15,1591.95,1037.05,1214.849,1339.6117,1230,1275.85,1220,1228.6,1813028
TATACONSUM.NS,TATA CONSUMER PRODUCT LTD,11.15860517435321,789.8,889,614,720.436,776.5005,779.95,792.5,779,777.4,3081224
TATAMETALI.NS,TATA METALIKS,42.014268035233314,796.55,1373.7,695,804.918,976.6785,784.6,797.55,776.1,771.45,91607
TATASTEEL.NS,TATA STEEL LTD,14.167481264255462,1317.1,1534.5,837.15,1225.076,1264.8085,1310,1340.9,1305.45,1307.2,5530410
TATASTLLP.NS,TATA STEEL LONG PRO LTD,36.88405797101449,740.35,1173,625,725.624,850.6595,720,745,720,718.65,47492
TBZ.NS,TRIBHOVANDAS BHIMJ,31.465517241379317,71.55,104.4,58.2,73.729,79.424,68.9,71.85,68.35,68.3,199945
TCIDEVELOP.NS,TCI DEVELOPERS LTD,43.5792349726776,309.75,549,283.6,322.411,345.71976,302.25,330,302.1,313,1665
TEAMLEASE.NS,TEAMLEASE SERVICES,23.467567567567563,4247.55,5550,2764.65,4058.324,4169.88,4300,4300,4220,4338.9,10882
TECHNOE.NS,TECHNO ELECTRIC &,29.5755237045204,255.5,362.8,222,243.314,266.338,250,259,248.55,247.75,89446
TECHNOFAB.NS,TECHNOFAB ENGINEER,12.765957446808503,6.15,7.05,4.85,6.15,6.164,6.5,6.6,6.15,6.15,3509
TEMBO.NS,Tembo Global Ind Ltd,39.20191301748618,203.4,334.55,83.3,252.648,261.85876,204,204.55,193.5,198.75,101859
TERASOFT.NS,TERA SOFTWARE,43.47058823529412,48.05,85,33.05,50.199,53.66675,46.7,48.6,45.25,44.6,62590
TEXINFRA.NS,TEXMACO INFRA & HO,22.631578947368425,58.8,76,52.35,60.967,61.17175,57.4,59.55,57.05,57.25,24496
TFCILTD.NS,TOURISM FIN CORP,20.0359928014397,66.65,83.35,51.3,62.791,66.61125,60.6,69,59.8,60.1,731496
THEINVEST.NS,THE INVESTMENT TRU,21.572794899043572,110.7,141.15,83,108.713,110.31125,113.8,113.8,108.05,112,10826
THOMASCOOK.NS,THOMAS COOK,15.263157894736839,72.45,85.5,41.75,64.63,65.2245,68.6,73.7,68.45,68.6,1502022
THYROCARE.NS,THYROCARE TECHNOL,46.208191126279864,788.05,1465,742.05,867.089,1113.2133,775.95,792.3,771.9,775.3,49892
TIDEWATER.NS,TIDE WATER OIL (IN,68.74000336158147,1153.1,3688.74,856.22,1298.361,1811.0071,1126,1168,1115.65,1111.3,28215
TIJARIA.NS,TIJARIA POLYPIPES,45.04132231404958,6.65,12.1,5.45,6.93,7.42075,6.65,6.7,6.3,6.4,6197
TIL.NS,TIL,55.27720739219713,108.9,243.5,98.35,122.861,152.37575,102.3,109.45,102.05,102.05,33500
TIMETECHNO.NS,TIME TECHNOPLAST,26.19047619047619,69.75,94.5,60.65,74.582,76.176,63.9,71.2,63.85,63.9,2178828
TNPETRO.NS,TAMILNADU PETRO PR,21.293532338308456,118.65,150.75,47.55,102.349,114.35875,115.8,121,115.7,114.15,2531334
TNPL.NS,TAMIL NADU NEWSPRI,6.916347731000549,170.25,182.9,112.35,135.92,136.314,168,171.95,167.75,167.65,725548
TNTELE.NS,TAMILNADU TELECOMM,59.14489311163895,8.6,21.05,4,9.168,10.0035,8.25,8.65,7.95,8.25,28460
TOKYOPLAST.NS,TOKYO PLAST INTL,29.476899579992363,92.35,130.95,67.5,97.729,102.099,93.9,93.9,90.1,90.3,14998
TORNTPHARM.NS,TORRENT PHARM,15.516143701682587,2786.7,3298.5,2475.5,2767.775,2965.5034,2795,2802,2765.2,2791.95,92468
TORNTPOWER.NS,TORRENT POWER,17.15439782375731,502.5,606.55,375.5,496.848,505.969,490.6,504.55,488.5,491.85,605942
TOUCHWOOD.NS,TOUCHWOOD ENTERTAI,31.929942741663858,101.05,148.45,71.5,103.714,113.48225,97.6,109,97.6,97.3,15589
TPLPLASTEH.NS,TPL PLASTECH LTD.,45.86794927853083,123.8,228.7,75.8,135.786,157.86263,121.3,125,119.65,117.45,15978
TREEHOUSE.NS,TREE HOUSE EDUCATI,41.09090909090909,8.1,13.75,7.2,9.604,9.77475,8,8.3,7.85,8,11520
TRF.NS,TRF LTD,18.9385150812065,139.75,172.4,83.2,128.743,131.21375,132.45,141.1,128,134.4,9007
TTKPRESTIG.NS,TTK PRESTIGE,34.28616613292216,831.05,1264.65,681.5,856.024,934.11566,824,839.65,824,826.75,45548
TVSSRICHAK.NS,TVS SRICHAKRA LTD,36.44401544401545,1646.1,2590,1579.95,1869.06,2097.7754,1605.85,1655,1601.6,1597.85,8046
UBL.NS,UNITED BREWERIES L,15.962033822376524,1500.75,1785.8,1051.4,1504.997,1540.4747,1489.55,1518,1471.6,1489.55,374364
UCALFUEL.NS,UCAL FUEL SYSTEMS,43.87409200968523,115.9,206.5,109,129.849,147.51675,112.8,116.8,112.3,112.15,29275
UCOBANK.NS,UCO BANK,23.58490566037736,12.15,15.9,10.75,12.369,13.3125,11.9,12.2,11.9,11.85,3068772
UFO.NS,UFO MOVIEZ INDIA,15.829346092503993,105.55,125.4,68.4,98.485,99.72075,102.4,107.1,102.3,101.7,575073
UJJIVAN.NS,UJJIVAN FIN SERV,56.381352693924335,114.15,261.7,97.6,117.75,156.467,102.65,115.35,102.65,101.85,5670487
UJJIVANSFB.NS,Ujjivan Small Financ Bank,52.76162790697674,16.25,34.4,14.05,17.586,21.256,14.8,16.45,14.8,14.8,6033166
ULTRACEMCO.NS,ULTRATECH CEMENT,19.33063248276696,6670.55,8269,5629.2,6713.739,7300.2373,6603,6688.85,6565.05,6602.3,216679
UMANGDAIRY.NS,UMANG DAIRIES,36.7,63.3,100,48.85,70.218,75.113,63.2,65,61.05,61,19969
UMESLTD.NS,USHA MARTIN EDU,43.42105263157895,4.3,7.6,2.65,4.352,4.66225,4.3,4.3,4.3,4.1,5121
UNICHEMLAB.NS,UNICHEM LABS,28.053333333333327,269.8,375,198,256.3,268.0855,256.2,274,256.2,259.9,84050
UNITEDTEA.NS,UNITED NILGIRI TEA,30.236047209441885,348.75,499.9,280.4,342.749,366.3755,335,352,331.4,338.05,1420
UNIVCABLES.NS,UNIVERSAL CABLES,32.03950390445567,147.95,217.7,128.65,151.578,166.39024,141,149,138.8,138.25,43595
UPL.NS,UPL LIMITED,9.616051809876268,781.55,864.7,581.3,746.023,755.52423,770.5,783.5,770.5,769.6,1467805
UTIAMC.NS,UTI Asset Mngmt Co Ltd,18.83736227594146,987.1,1216.2,538,896.84,1005.91174,993,1014.95,984,994.6,51756
VAIBHAVGBL.NS,VAIBHAV GLOBAL LTD,61.13809523809525,408.05,1050,360.15,424.545,612.7995,375,417.5,374.45,373.95,417278
VAKRANGEE.NS,VAKRANGEE LTD,43.562874251497,37.7,66.8,28.9,34.477,37.9625,35,38.15,34.4,34.7,13447228
VALIANTORG.NS,Valiant Organics Limited,45.76298701298701,1002.3,1848,791,977.312,1229.5088,927.7,1014.45,922.3,920.9,206384
VARDHACRLC.NS,VARDHMAN ACRYLICS,33.49168646080761,56,84.2,33.75,54.647,58.4395,54.75,58.35,54.6,53.75,529704
VENKEYS.NS,VENKY'S (INDIA),42.823008849557525,2261.35,3955,1506.55,2240.956,2720.919,2150,2290,2150,2142.45,161307
VENUSREM.NS,VENUS REMEDIES LTD,53.81846635367762,295.1,639,260,305.686,416.71274,273.4,297,272,270.3,124840
VERTOZ.NS,Vertoz Advertising Ltd,68.23630136986301,92.75,292,79.6,103.913,112.989,91,95,89,88.25,56806
VESUVIUS.NS,VESUVIUS INDIA,24.369501466275665,1031.6,1364,900,1041.154,1131.8967,1038.4,1048,1015,1019.95,6115
VETO.NS,VETO SWITCHGEARS A,41.104651162790695,101.3,172,78.3,99.576,112.093,90.05,104.6,90.05,91,714269
VGUARD.NS,V-GUARD INDUSTRIES,23.07017543859649,219.25,285,181,212.01,238.32124,216,220.65,215.5,215.8,349914
VIKASPROP.NS,Vikas Prop & Granite Ltd,42.42424242424243,1.9,3.3,1.5,2.221,2.24775,1.9,1.9,1.85,1.85,657188
VIKASWSP.NS,VIKAS WSP,56.52173913043478,3.5,8.05,2.95,3.896,4.672,3.35,3.5,3.35,3.35,725894
VINATIORGA.NS,VINATI ORGANICS,9.455128205128204,1977.5,2184,1373,1918.532,1941.2415,1958,1983.6,1953.2,1953.2,13609
VINDHYATEL.NS,VINDHYA TELELINKS,27.555036691127412,1085.95,1499,765.7,1148.752,1171.1262,1035.3,1095.95,1025.75,1028.5,16117
VIPULLTD.NS,VIPUL LTD,55.542312276519674,18.65,41.95,16.7,19.715,27.377,19.15,19.15,17.9,18.05,20218
VISAKAIND.NS,VISAKA IND,30.409390208989404,607.7,873.25,459.35,599.498,658.708,585,609.55,585,586.85,18670
VISHAL.NS,Vishal Fabrics Limited,75.66835871404399,35.95,147.75,27.2,82.263,97.86975,35.2,37,34,35.2,536785
VISHWARAJ.NS,Vishwaraj Sugar Ind Ltd,54.6943231441048,20.75,45.8,19.4,22.274,28.3527,20.25,20.85,20,20.25,1931856
VIVIMEDLAB.NS,VIVIMED LABS LTD,63.855421686746986,15,41.5,14.25,18.477,20.80825,14.5,15.7,14.5,14.5,677025
VLSFINANCE.NS,VLS FIN LTD INDIA,33.7297093242733,175.55,264.9,77.7,180.287,196.072,162.45,175.55,161.9,159.6,98872
VSSL.NS,VARDHMAN SPECIAL S,23.23624595469256,237.2,309,134.05,245.229,252.50626,229,238.7,229,228.1,61198
VSTIND.NS,VST INDUSTRIES,20.586649550706028,3093.15,3895,2794,3042.072,3283.3914,3077,3117,3051,3065.2,2693
WABAG.NS,VA TECH WABAG LTD,29.368811881188115,285.35,404,229.45,300.532,330.9515,280.8,286.5,280.8,280.4,267563
WALCHANNAG.NS,WALCHANDNAGAR IND,43.152173913043484,52.3,92,39.45,54.255,57.8625,50.25,52.5,50,50.3,304239
WATERBASE.NS,WATERBASE,40.74074074074074,86.4,145.8,81.5,95.374,109.5855,84,87.05,82.9,82.85,101522
WELENT.NS,WELSPUN ENTERPRISE,41.25954198473283,76.95,131,72.5,85.514,96.69625,73.5,79.25,72.75,73,1555056
WELINV.NS,WELSPUN INVESTMENT,50.95890410958905,286.4,584,253.15,290.816,331.07474,275.2,289.95,268.55,262.95,2944
WELSPUNIND.NS,WELSPUN INDIA,44.28822495606327,95.1,170.7,75.55,113.337,131.819,91.95,95.85,90.7,90.85,2016646
WESTLIFE.NS,Westlife Development Ltd,24.60254372019078,474.25,629,385.1,472.491,529.438,485,487.85,470,479.35,108721
WHEELS.NS,WHEELS INDIA LTD,46.01735776277725,559.8,1037,404.9,626.323,709.2562,516,585.45,516,512.15,102434
WHIRLPOOL.NS,WHIRLPOOL OF INDIA,37.11176470588235,1603.65,2550,1532.1,1687.556,2011.6696,1580,1613.25,1570,1572.85,166575
WILLAMAGOR.NS,WILLIAMSON MAGOR &,44.47236180904522,22.1,39.8,16.1,23.424,23.58575,22.1,22.5,20.6,21,14748
WIPRO.NS,WIPRO LTD,18.659187673177005,601.8,739.85,412.6,576.947,623.1993,591.7,603.4,589.3,591.9,4283707
WOCKPHARMA.NS,WOCKHARDT,64.85898869424773,282.85,804.9,254.3,346.69946,431.33612,265.7,284.8,265.65,263.6,1836221
WONDERLA.NS,WONDERLA HOLIDAYS,9.518518518518515,244.3,270,162,222.107,226.78625,234.7,246.5,233.7,235.1,153361
XCHANGING.NS,XCHANGING SOLUTION,38.546099290780134,86.65,141,60.05,93.352,103.388,81,87.3,80.9,80.95,370098
XELPMOC.NS,XELPMOC DESIGN AND,42.553606237816766,294.7,513,255.6,312.519,373.165,280,308,278.6,278.95,32693
ZEEL.NS,ZEE ENTERTAIN ENT,20.83443358859255,299.8,378.7,166.8,262.963,269.474,288,301.9,285.15,288.35,13686313
ZEELEARN.NS,ZEE LEARN LTD,36.650485436893206,13.05,20.6,9.75,14.018,14.25675,12.75,13.1,12.6,12.4,1266034
ZENITHEXPO.NS,ZENITH EXPORTS LTD,17.282889079965603,96.2,116.3,58.5,80.9,85.2765,101.95,102.25,92.75,97.4,20647
ZENSARTECH.NS,ZENSAR TECHNOLOGIE,35.73253833049404,377.25,587,254.7,377.231,430.82526,366.5,380,366,366.95,508276
ZODIACLOTH.NS,ZODIAC CLOTH CO,32.0350535540409,104.7,154.05,86,106.752,113.8155,101.55,107,101.05,100.4,39515
ZOTA.NS,Zota Health Care Limited,28.571428571428573,320,448,139,344.912,348.10876,300,323.9,300,297.6,80693
ZYDUSWELL.NS,ZYDUS WELLNESS LTD,37.032924884429825,1559.6,2476.85,1430,1565.029,1988.9163,1515,1565,1508.9,1501.15,48929
